UUID,Title,"First Name","Last Name","Street Address",Barangay,Municipality,Province,Country,"Phone Number","Mobile Number","Company Name","Company Website","Job Title","Favorite Color",Birthdate,"Email Address",Password
49657661-f92e-396f-acfe-e59796c14852,Mrs.,Sylvan,Borer,"08A/36 Kuhn Trafficway","Luettgen Roads",Tabuk,Oklahoma,Tanzania,193-141-072,077-362-209,"Raynor, Wisozk and Swaniawski",stamm.com,"Transportation Inspector",LightGoldenRodYellow,2008-10-09,geraldine.gusikowski@gmail.com,[gpfb|F[7MIIZ&lt7$
35ca6fa7-68bb-358f-8369-372c03455c12,Dr.,Kyler,Hoppe,"13A Runte Pines","Hayes Mills",Bacolod,"Rhode Island","Netherlands Antilles",582-864-157,528-826-713,"Wilkinson and Sons",anderson.org,"Heat Treating Equipment Operator",DarkOliveGreen,1992-12-13,eileen59@gottlieb.com,$xN'+bv-MJK-
0100154c-033a-3862-ada5-396f8292c0ab,Miss,Aurelia,Farrell,"61/33 Maggio Orchard","Schimmel Walks","San Jose del Monte",Nebraska,Bangladesh,986-837-240,204-321-590,"Daugherty, Von and Fisher",christiansen.net,"Tank Car",HotPink,2023-05-11,kuhn.clemens@bernier.net,4;1>P1-<dk)(`Xw
ef489d2f-192c-34e8-8b99-57e66dfe059c,Ms.,Judah,Rosenbaum,"06A/52 Mohr Harbors","Cremin Ways",Palayan,Nebraska,Moldova,978-118-669,102-440-396,"Hirthe and Sons",grady.org,"HVAC Mechanic",Bisque,2000-02-27,xmiller@kshlerin.net,U/J^.@.
d5adefba-7ca1-35f8-a781-ef9bfa150bdc,Mr.,Myriam,Fay,"00A Rodriguez Island Suite 271","Brekke Freeway",Sagay,Maryland,"Equatorial Guinea",689-221-870,864-876-562,"Gusikowski, Dickinson and Maggio",collins.net,"Food Service Manager",BlueViolet,1987-06-16,kitty45@nienow.com,"Tf6]>Z9iu@l\R~-Nzpcr"
c73d84bb-3c29-3d9a-b4a0-b1b903b1e76d,Miss,Edison,Gleichner,"95 Gorczany Ranch","Brakus Gardens",Mandaue,Colorado,Germany,371-764-565,703-707-269,"Armstrong, Daugherty and Huels",smitham.info,Waiter,PaleGoldenRod,1989-09-07,cartwright.allene@bernier.org,"F`yP""2@zC4!_DVU4Jv^|"
037f1601-59fb-3eac-a56d-59d8e669690f,Miss,Jack,Konopelski,"64A Greenfelder Vista","Mayer Cliff",Tanjay,Ohio,Spain,794-359-346,768-244-763,Satterfield-Runolfsdottir,schneider.com,Pharmacist,Fuchsia,1977-08-08,zkshlerin@rowe.com,98<>VEZ>
76fdf459-6967-31b3-ab59-fddfa76d3cf4,Dr.,Lindsay,Stanton,"65 Hauck Haven","Little Expressway",Tagaytay,Utah,"Puerto Rico",680-789-931,162-516-007,"Halvorson, Russel and Crooks",mills.org,"Refrigeration Mechanic",LawnGreen,2009-04-11,jbrown@yahoo.com,",L@Ln]"
8acc2443-e9a9-31f2-8e02-ae67c4b96163,Mr.,Elenora,Kris,"29A Kshlerin Mountain","Mayert Parkway",Biñan,Michigan,"American Samoa",837-872-867,337-199-622,"Hessel Inc",hermann.info,"Cutting Machine Operator",PaleVioletRed,2009-12-31,rfeeney@kerluke.net,qkX&:ES5E05_9
dc80b919-9ece-3a17-8e78-651695e527a7,Dr.,Treva,Quigley,"88A Marvin Curve Suite 015","Mante Lake",Urdaneta,Arkansas,Niger,995-551-673,530-695-273,Zieme-Waelchi,harvey.com,"Transportation Inspector",DarkKhaki,2023-01-11,jmarquardt@ullrich.com,|kde|U
dd9df7a2-8e09-32db-b1bc-da2fb4bc84d9,Ms.,Antwon,Lubowitz,"64A/59 Schaefer Junctions Suite 376","Mraz Center",Bago,Kansas,Anguilla,272-332-348,694-004-031,Hirthe-Weimann,considine.com,Physicist,Crimson,2004-10-15,jackeline.moen@gmail.com,"C}x\%{mSlaGVncpf9"
3d539453-5ce4-3598-8903-910e868651c2,Dr.,Wilfred,Kris,"82A Hilpert Cliff Apt. 202","Hoppe Plaza","Puerto Princesa",Maine,Mauritania,397-285-940,924-980-847,"Witting Group",jacobi.com,"Optical Instrument Assembler",LavenderBlush,2022-07-05,tmacejkovic@bergnaum.com,m-6]+MrW'
31768bc4-59c0-39f1-943d-e0dcdc6ec340,Prof.,Gillian,Nikolaus,"28/86 Dietrich Canyon","Gerhold Parks",Catbalogan,"New Mexico",Brazil,981-559-235,903-515-825,Brown-Doyle,mann.com,Cartoonist,Salmon,2022-04-06,iwest@wiegand.com,f=4w?!a#%?/
995c3e89-2d88-372e-aac6-b31fead7b3b6,Mr.,Efrain,Cartwright,"13 Kessler Plains Apt. 657","Rodriguez Course",Valenzuela,Maryland,Italy,342-331-190,664-301-369,"Keeling Inc",walsh.com,"Electronics Engineering Technician",LightCoral,2006-01-15,maggio.vena@yahoo.com,+]S6B.^r*.
4e37bc0b-db2a-3ce7-ac7f-239b22b7e118,Prof.,Joan,Witting,"90A/01 Koch Lane","Cormier Burgs",Bago,"West Virginia",Monaco,091-346-611,139-732-588,"Lang and Sons",hessel.com,Geographer,BlueViolet,1973-02-18,krobel@jones.org,R7Qj{};RiCn7`lN
a3aa2dc7-2f59-3c51-8937-2fcd69c8319b,Mrs.,Maggie,Leffler,"37A/45 Howell Divide","Feest Alley",Gingoog,Florida,Iran,175-112-516,591-205-279,Shields-Beer,gerlach.com,Trainer,LightPink,1970-07-25,lacey77@pfannerstill.com,l95rJf_EYMaV+Oz2)b
a13a0805-eb24-341b-ba51-ee6ff49b14ae,Prof.,Elva,Renner,"48 Kuhic Green","Lockman Crossing",Tagbilaran,Kansas,Bhutan,437-884-002,050-573-382,Crooks-Gutmann,reinger.com,"Diesel Engine Specialist",Tan,2003-09-10,chasity50@yahoo.com,"Z\LpBh"
e3a80ded-0f93-338d-83a0-c9135048c4e4,Prof.,Myrtice,Olson,"28A/44 Herzog Parks","Rau Hills",Vigan,Ohio,Palau,644-548-154,229-294-661,"Nicolas PLC",rosenbaum.com,"Set Designer",AliceBlue,1998-02-02,alejandra.wilkinson@carroll.biz,p^2]b:2:wB
c5339531-7a41-3d98-9245-c9c08d805404,Mr.,Ezekiel,Dickens,"17/14 Rau Plains Suite 921","Schiller Groves",Lapu-Lapu,Montana,Aruba,936-092-696,570-233-653,"Beier Group",turcotte.info,"Personal Trainer",DarkTurquoise,2021-10-08,kovacek.amari@schroeder.com,",do&>UXd"
f1710c65-b3e8-3b07-8775-a71652e455ba,Prof.,Fred,Armstrong,"65A/28 Larkin Parks","Schulist Creek",Iligan,Michigan,Ecuador,818-186-152,778-213-821,"Kerluke, Rogahn and Abernathy",kohler.com,"Entertainment Attendant",DeepPink,1995-12-13,osporer@mante.biz,"f,g;',RS"
feb86584-47d1-35cb-8fc9-cd45f5495a49,Miss,Jerrod,Bauch,"20/99 Waters Centers","Hammes Creek",Antipolo,Idaho,"Libyan Arab Jamahiriya",943-763-852,608-353-378,"Eichmann and Sons",white.com,"Loan Counselor",DarkCyan,1978-08-29,stoltenberg.mallory@yahoo.com,}Lpql6^II.+Uw*(.w.44
2dc7960d-f193-3925-b00f-dcf938dbe5d1,Ms.,Gino,Quitzon,"50/53 Robel Throughway","Volkman Terrace",Cadiz,Maryland,Uruguay,406-806-790,130-515-170,"Green, Kiehn and Wisozk",dach.com,"Boiler Operator",Chartreuse,2000-10-19,hardy94@yahoo.com,Eov`s^(/E:?W
8dcfe671-ff60-37e8-9dc7-567009688b37,Dr.,Casandra,Boehm,"65/25 Boyle Mall","Stanton Squares",Dumaguete,Indiana,Belize,844-615-047,999-031-832,Zieme-Wilkinson,mante.info,"User Experience Researcher",HotPink,2020-12-30,heath05@gmail.com,qhQ+%W9Uy|IAu
5cfbed00-5410-3eff-ab0b-1b6f8a807578,Dr.,Sean,Bins,"62A Streich Station Apt. 045","Lueilwitz Hollow",Mandaluyong,"West Virginia",Nigeria,614-073-885,606-029-873,"Robel Ltd",moore.com,"Motion Picture Projectionist",RosyBrown,2001-09-09,genevieve.schumm@stehr.org,")`~~JJ\O_D*"
d6306808-8e48-3ba3-909c-9161dd4cb411,Mr.,Guido,Quigley,"97A/48 Crooks Way","Cronin Cove",Panabo,Tennessee,Malta,327-133-771,049-196-673,Hamill-Green,ziemann.com,"Elementary and Secondary School Administrators",LightGoldenRodYellow,1990-04-24,ignacio01@corkery.info,"!rp/XrDx~Oa]OD\Tb/"
4697ecd9-32f7-308f-a091-9ae7feedacb9,Prof.,Vicenta,Kuphal,"55 Bogisich Divide","Kautzer Branch",Sagay,Oklahoma,Montenegro,071-255-497,449-747-378,"Cruickshank, Zboncak and Marvin",bailey.com,"Technical Director",MediumSlateBlue,2000-08-26,heidenreich.chyna@block.com,eQsn-)'|wh
1aa4def1-d7f6-31af-a3c3-7f17d07360fd,Prof.,Stevie,Dickens,"60A Ortiz Roads","Osinski Rest",Tagbilaran,Wyoming,Tanzania,831-642-879,382-868-641,"Beer, McGlynn and Swaniawski",jones.com,"Criminal Investigator",DarkOrchid,2009-11-18,dhane@ryan.com,TJt*iO
2054788f-db1c-3249-a3cf-38f21dec0d74,Miss,Braeden,Mayert,"41/58 Kutch Wall Suite 677","Witting Fields",Marawi,Alabama,Jamaica,026-580-872,504-168-116,Walter-Mitchell,fisher.biz,"Funeral Attendant",SlateBlue,2023-08-16,royal81@lind.com,"uU""&vl.4l9G>wi'Cb"
f5bfe7e0-38b5-3c1f-811a-c7cfaa78cc6f,Ms.,Coby,Mueller,"93/55 Schmeler Points","Collier Curve",Calbayog,Kansas,Oman,071-942-585,982-448-925,Daugherty-Bruen,romaguera.net,Decorator,Aqua,1981-03-25,tcassin@sipes.com,O*|`:SD.R
fec6c172-8639-33f3-ae9a-c9099b8c18c5,Prof.,Tia,Bernhard,"43/54 Rippin Turnpike","O'Conner Terrace",Mandaluyong,Pennsylvania,"Pitcairn Islands",440-817-765,066-212-949,"Daugherty, Cassin and Ankunding",stehr.net,"Mine Cutting Machine Operator",DarkGreen,2014-11-25,pacocha.kendrick@yahoo.com,"+\1LScz"
16649225-00e8-392e-8170-f3feadb9a732,Prof.,Albin,Block,"92/94 Thiel Rapids","Cormier Pass",Urdaneta,Alaska,Hungary,112-275-382,166-980-184,"Stark, Kulas and Cruickshank",kshlerin.biz,"Petroleum Technician",Ivory,2021-12-02,tyreek.hickle@gmail.com,"V.>xk\&7sH*fWMV"
9442b1eb-ec90-392c-9dcc-8e27f577940a,Dr.,Prince,Streich,"87A Welch Loaf","Wisoky Trace",Naga,Hawaii,Chile,947-485-372,646-393-197,"Hansen Inc",conn.com,"Public Transportation Inspector",Moccasin,1988-06-21,mia84@bogisich.com,n<vXC7edN9
45c05e55-a25d-3c32-a628-80a955040829,Dr.,Florine,Howe,"99/70 Deckow Forge Apt. 942","Glover Neck","San Carlos",Oklahoma,Comoros,456-869-890,168-427-588,"Watsica, Orn and Leannon",russel.biz,"Telephone Station Installer and Repairer",CadetBlue,1980-05-29,corine.reichert@ledner.org,Z6*cCQ=vB'
384d6a44-2a9a-3875-8a0a-1cd23f578800,Mr.,Vern,Runolfsdottir,"49 Roob Shores","Pagac Island",Cabadbaran,Louisiana,Croatia,004-707-750,937-186-238,"Kessler LLC",hauck.biz,Baker,MintCream,1983-03-01,rosanna.roberts@gmail.com,"jlAJSz$""GbnuTs2@G"
8ff40c8d-adb1-391b-a72e-4ad124bd2d3d,Mr.,Moshe,Lueilwitz,"80A/29 Cruickshank Bypass Apt. 365","Nader River",Lucena,Utah,Nicaragua,571-425-936,821-169-391,"Rohan Ltd",streich.com,"Crossing Guard",LightSlateGray,2019-03-30,nlarson@stroman.net,=AS25PbsrV
af2d2dc7-a52f-36cc-a2a7-80f6ede512e5,Ms.,Fausto,Howell,"85A Kuhn Course","Sipes Coves",Legazpi,Florida,Gabon,079-822-166,974-324-525,"Hudson, Pollich and Murray",murray.org,Janitor,FireBrick,1994-05-27,eschmitt@gmail.com,"&TZWT`I0O,f|"
1b832ced-2559-3dab-803a-0e11845acf7b,Dr.,Baby,Kiehn,"95 Ruecker Pine","Carroll Motorway",Candon,Connecticut,Israel,155-610-566,519-069-761,Raynor-Bahringer,hammes.info,"Farm Equipment Mechanic",Plum,2018-06-26,kirk.okeefe@mcclure.net,`l@vOIxjV!1]+I
bde40eea-9205-3ca7-96bc-b2d4c677d5e3,Prof.,Willie,Donnelly,"00A Huels Orchard","Yundt Passage",Digos,Maryland,Montenegro,366-745-509,974-080-880,"Langworth PLC",towne.com,"Petroleum Pump Operator",PowderBlue,2000-02-24,plakin@hotmail.com,sqgO7bWvc>JYFnZg6DE3
91dbbe79-bce1-33f8-bcd4-970c2a3a0b62,Dr.,Consuelo,Hegmann,"50A McKenzie Square Apt. 359","Wisoky Glen",Cauayan,Delaware,Andorra,696-060-176,297-013-357,Leuschke-Considine,keeling.biz,"Court Clerk",Aquamarine,2023-02-27,hilda28@jacobi.com,M<gFdF
0bc3e27a-8dbb-323b-a107-06833ce4a6fb,Ms.,Maya,Larkin,"88A/90 VonRueden Islands Suite 838","Nikolaus Lakes",Passi,Wyoming,Kenya,161-092-291,525-488-414,"Klein and Sons",roberts.info,"Automotive Glass Installers",DarkTurquoise,2012-01-09,alycia.jakubowski@beier.com,"[YC0;>w(:Gzq70%a]nf\"
e358dc8e-ca6b-3434-baa2-7c583af97b73,Prof.,Aubrey,Heller,"96/94 Bogisich Divide Apt. 211","Macejkovic Run",Digos,Wisconsin,Uzbekistan,913-819-426,421-719-151,Nienow-Nolan,kilback.net,"Marine Oiler",NavajoWhite,1971-02-07,ehirthe@yahoo.com,-DQi(I}lu
cc8d9e06-155d-3f5b-83bf-3ddd0767e142,Mrs.,Johnathan,Jenkins,"97/96 Mayert Lane","Marks Summit","La Carlota","South Carolina","New Caledonia",366-610-469,886-257-595,"Moen Group",legros.com,"Mechanical Inspector",IndianRed,1985-10-20,idella.durgan@hotmail.com,Jc#l?XK4jhfz&N:
2c51b4aa-13f0-3ad8-ad06-938fe3d97636,Dr.,Antone,Wiegand,"38A McClure Plaza Apt. 827","Lebsack Falls",Ilagan,Arkansas,"Christmas Island",197-528-989,999-147-519,"Cassin PLC",paucek.org,"Painting Machine Operator",Khaki,1975-01-09,imelda.herman@gmail.com,"m,<Hq0=9=#?\,Z7"
83635176-754e-389c-b55b-e299c3fdf4b3,Mrs.,Amelie,Barrows,"98A Mohr Rapids Apt. 455","Heidenreich Shoal",Marikina,Oregon,Guinea-Bissau,939-283-506,287-958-435,Kohler-Torp,koch.net,"Credit Checkers Clerk",SkyBlue,1976-07-02,zkuhic@green.com,:KrV314S+_>>0qXd?
96ea87ed-ca8b-3779-9cfc-79ef9bac9839,Mrs.,America,Stark,"68/52 Littel Mills","McClure Village",Gapan,Kansas,Barbados,483-930-479,473-033-286,"DuBuque, McKenzie and Herzog",bode.biz,"Maintenance Equipment Operator",ForestGreen,2010-01-03,gage31@hotmail.com,"iR0Sh6IG<P#;""0{{oGu"
16e95d90-f8c9-32dd-a799-ca67adbec6b6,Dr.,Joseph,Kreiger,"97/48 Morissette Expressway Apt. 569","Sanford Plains",Taguig,Iowa,Gibraltar,163-911-753,979-914-706,"Hyatt, Kling and Block",dickinson.com,"Tree Trimmer",DarkGoldenRod,1984-09-08,kiel74@sipes.com,"jO/Y\3ubw"
89151b90-7fc4-3fdc-bbf6-6b3111794cbd,Ms.,Catharine,Zemlak,"88A/40 Rice Flat Apt. 756","Kessler Oval",Mandaluyong,"North Dakota",Macao,976-574-827,847-482-371,"Sanford Group",nitzsche.org,Brazer,LavenderBlush,1971-02-09,mitchell.lolita@hotmail.com,"n|ofa-6YD,yM-kX(ag"
e91f1212-e98e-38fc-a2da-89bfbe936cd5,Mr.,Sophie,Braun,"23 Howell Landing","Dietrich Parks","Cagayan de Oro",Delaware,Djibouti,458-814-016,951-329-725,"Kihn, Nicolas and Berge",hane.com,"Marine Engineer",Orchid,2018-10-31,pgulgowski@hotmail.com,mWU?x}
dcfc4d5a-a089-3f57-be8b-a8da0a51cdb3,Prof.,Narciso,Prohaska,"99A/76 D'Amore Square","Hahn Ridges",Kidapawan,"West Virginia",Netherlands,852-674-097,414-658-963,"Swaniawski LLC",graham.com,"Radio and Television Announcer",Moccasin,2005-09-14,bianka.paucek@hotmail.com,o^DPg:/ADx25'1=Mab
22a8b7ea-cd5d-302d-8340-f82869a0a5b8,Dr.,Ellen,Anderson,"07A Cremin Lights Suite 871","Mante Lake",Imus,Alaska,"Russian Federation",379-486-598,842-594-411,"Zulauf LLC",goodwin.com,"Restaurant Cook",Teal,1981-11-08,abshire.otha@yahoo.com,3qBgEp]l}I5H-@L`uNYz
eb8e7547-283d-3cca-bc0f-00394e25e781,Prof.,Danika,Herzog,"56A/67 Abbott Avenue","Gottlieb Ville","Batangas City",Maine,Turkmenistan,416-893-324,760-877-525,Reichel-Williamson,botsford.biz,"Emergency Management Specialist",SlateGray,1979-09-08,cjerde@wolf.org,e=cNvj[M
1a5047e4-ac8c-3813-8873-d002dfc97163,Dr.,Dwight,DuBuque,"58/45 Greenholt Groves Apt. 548","Huels Roads",Bacolod,Delaware,Namibia,227-331-500,354-602-565,"Flatley, Beatty and Swaniawski",hudson.com,"Airline Pilot OR Copilot OR Flight Engineer",MediumSeaGreen,1998-03-09,gritchie@lueilwitz.com,"w5DYVv~(Uc]Y&IB\Pc"
fe48c124-83c2-3e76-a1e4-0715688ca8a8,Prof.,Arne,Hermiston,"21A Metz Street Apt. 301","Rogahn Estates","Surigao City",Tennessee,"Cote d'Ivoire",668-912-081,920-228-118,"Emard Ltd",schinner.info,"Valve Repairer OR Regulator Repairer",LightCyan,1993-01-20,halvorson.lilly@predovic.info,BRy!7R/HeBAbQFLp~Hy
0510baf2-ed3c-3ecf-95f9-ab7882aebc4d,Prof.,Drew,Donnelly,"13A Cummings Road Suite 225","McGlynn Falls",Oroquieta,Mississippi,Moldova,365-120-125,186-897-375,Lindgren-Farrell,toy.com,"Central Office Operator",MediumBlue,2022-04-10,orpha37@hotmail.com,(*FF^]#'qb]G=Yov'P
f0735f84-1596-3ab8-894c-c11db3a8f166,Mrs.,Janice,Weissnat,"16 Koepp Vista Suite 370","Hettinger Vista","Puerto Princesa",Delaware,"Dominican Republic",796-076-430,431-978-854,"Stroman Group",rodriguez.org,"Loan Counselor",FireBrick,2024-08-06,brianne.nicolas@braun.com,"iwreN[6!9P""TSX/"
73752565-93e6-388a-bdc6-1402bf5e429d,Miss,Mary,Upton,"74A/30 Hessel Station Apt. 157","Olson Prairie",Dumaguete,Colorado,Slovenia,684-473-697,238-712-989,"Crist PLC",predovic.com,"Athletes and Sports Competitor",RosyBrown,2005-11-22,keebler.jalen@gorczany.com,"H,={nO""NQd"
65673a33-0ae1-325f-84a8-ad5f0042a7cc,Prof.,Jamal,Mohr,"43A Reichert Squares","Stamm Shoal",Makati,"New Jersey",Georgia,551-403-043,834-622-724,"Aufderhar, O'Connell and Anderson",herman.org,"Real Estate Sales Agent",HoneyDew,1990-07-24,cronin.aaron@hotmail.com,c}c7w-(*zM-KbOaGn
e128cd29-8734-3525-be74-80539b9ab4f3,Dr.,Stevie,Bogan,"16A/39 Ruecker Trafficway","Ebert Prairie",Sipalay,Ohio,Somalia,113-640-380,956-717-091,Satterfield-Johns,larkin.net,"Plastic Molding Machine Operator",GreenYellow,1975-01-29,robert05@hotmail.com,V?e)S_2`%}[y_{bT
329f7159-48aa-30a3-a314-3f5c6adbe1de,Mrs.,Luther,Reinger,"53/82 Kub Extensions","Weimann Isle",Maasin,Illinois,"Falkland Islands (Malvinas)",947-164-719,514-775-253,Krajcik-Gleason,hilpert.org,"Numerical Tool Programmer OR Process Control Programmer",Indigo,2003-06-07,efahey@gmail.com,Pdb9pS9z_1$DSu=]5-f
dc4f6f72-f481-3292-90d8-52f16b4719c6,Mr.,Charley,Treutel,"41/23 Hackett Path","Smith Drive",Tayabas,"New Hampshire","South Africa",609-274-163,971-612-941,"Kassulke, Sipes and Pacocha",reilly.com,"Cost Estimator",Moccasin,1988-07-25,walsh.delpha@gaylord.biz,'9ItN(`+o]5@BsG2pb
222538b8-bee3-39c2-b4b6-71f78e0f875f,Prof.,Carson,Will,"34 Oberbrunner Forest Suite 897","Cummerata Harbors",Canlaon,Kansas,"Cape Verde",834-336-222,681-045-565,Mitchell-Cole,kohler.net,"Streetcar Operator",Crimson,1975-06-25,amina.gusikowski@jerde.com,SSa_Goh/|d
6221ea4e-9b99-3cb2-ba16-c6ebdb168f6b,Prof.,Emilie,Tromp,"46A/64 Zemlak Plains","Buckridge Common",Baguio,Illinois,Djibouti,524-086-670,535-173-367,"Hayes PLC",hammes.org,"Drywall Installer",Pink,2022-11-28,greenholt.lorenza@yahoo.com,[E:qq<d;1
2b4a0594-9037-3a82-8077-0e48488e4c1b,Dr.,Garnet,Jakubowski,"93/81 Walker Street","Gutkowski Forest",Cabuyao,Maine,Moldova,653-529-864,178-658-075,"Fisher, Kerluke and Hermiston",grant.biz,"Occupational Therapist",Fuchsia,2019-11-28,rhalvorson@yahoo.com,"I3S/Y7'\<tmpacZ:"
df272632-e076-38ca-ada3-95bb85ecb74f,Prof.,Jude,Bosco,"55/69 Boehm Stravenue","Herzog Gateway",Victorias,Mississippi,"New Caledonia",111-407-186,096-005-284,Langworth-Harber,greenfelder.com,"Speech-Language Pathologist",LightSalmon,2000-10-19,brett.harber@hotmail.com,"G3Q'"";7.7TOkfwMwHp"
34b868d3-2180-3507-8edf-0b987e63084a,Mr.,Margarett,Leuschke,"58/66 Predovic Isle","Koepp Plains",Makati,Massachusetts,"Cote d'Ivoire",145-515-836,674-730-723,Quigley-Pouros,hansen.org,"Pressure Vessel Inspector",PaleVioletRed,1988-03-10,jeromy.cummings@gmail.com,ty+EjB0Py!vH6e7|H
a2c68b49-6a46-3951-801d-a188202cebbe,Ms.,Hunter,Koch,"29/78 Roob Haven","Barton Road",Digos,Washington,"Cook Islands",018-257-451,568-084-215,"Dach PLC",mcclure.org,"Engineering Manager",WhiteSmoke,2009-02-10,grant.veronica@gmail.com,"Rh_/Sm18f\n&Rnte\`"
cea8e6f7-547f-34da-8df8-6a7c7a98754c,Mr.,Amanda,Nicolas,"48/18 O'Kon Terrace","Rodriguez Knolls",Koronadal,California,"Central African Republic",395-013-174,904-063-207,"Labadie, Parisian and McKenzie",ferry.com,Historian,Aquamarine,1976-03-19,spinka.melyssa@gmail.com,"*%ytiHvQC\WuD"
545d81af-1e5e-3afe-a11f-892590be1ff5,Mrs.,Stephania,Douglas,"65A/87 Barrows Ports Apt. 894","Sauer Ports",Angeles,Minnesota,Estonia,585-541-353,709-356-987,Gleichner-Trantow,borer.com,"Underground Mining",BlanchedAlmond,2006-11-16,roxanne.sipes@hotmail.com,{l:hY_47eG.!R
5cf9b4ca-8c6b-3696-bed2-c77c2936f97c,Dr.,Ruben,Metz,"52A Monahan Mount","Waters Oval","San Pedro",Missouri,Uganda,796-713-261,583-532-137,Konopelski-Gerlach,rolfson.net,"Freight Inspector",Crimson,2015-03-11,hodkiewicz.cory@hotmail.com,w[sdKb`EK7!~VwfnL
752d214a-b19e-39cb-a040-49b8df01ed2f,Prof.,Keaton,Kerluke,"92/31 Jacobson Ferry Suite 423","Gutmann Corners",Cabanatuan,Alabama,India,062-295-847,597-764-196,Moore-Keebler,mccullough.com,"Supervisor Correctional Officer",Blue,2017-03-27,rrempel@stokes.com,s~$Ah(<6V3bhT_~
5b5224e3-05c9-3b72-b995-55cc1a1c2fab,Prof.,Magdalena,Boehm,"78A/89 O'Connell Brooks Suite 641","Langosh Junctions",Ilagan,"New Mexico","Cayman Islands",885-378-353,104-981-107,"Bernier Inc",mccullough.com,"Law Clerk",Linen,2017-09-14,vdach@lubowitz.com,Drd~AZ4'W~g'B
511acf26-b1c6-3a1d-aa41-55d3ecddcca6,Mr.,Eli,Ullrich,"58/49 Bergnaum Trail Suite 894","Rowe Park",Himamaylan,Iowa,Denmark,042-441-805,870-004-192,"Beer, Kunde and Ward",armstrong.com,Chef,Chocolate,1995-01-16,francis20@schaden.org,"&WnXOyh,,Kfl>$1"
d5e2e03f-d301-3186-af46-eaad080d1de2,Prof.,Sadye,Marks,"80 Schiller Fields","Bashirian Road",Malolos,Georgia,Burundi,492-373-386,873-301-116,"Lubowitz, Tillman and Leuschke",lind.com,"Artillery Crew Member",DarkMagenta,2010-04-20,huel.lilian@hotmail.com,WN[;~G2PR7Ol:
92a1c339-16de-3297-acdb-0542245b2fa2,Dr.,Kamren,Lesch,"57A/20 Skiles Loop Suite 932","Douglas Coves",Malaybalay,Michigan,Brazil,731-228-484,561-509-616,"Schultz, McCullough and Armstrong",hills.biz,Concierge,WhiteSmoke,2002-07-06,leonie54@gmail.com,"n_z6cd)YgUPH2\X3GFw"
503493cb-abc6-37b6-8c04-ab5fc143214a,Prof.,Burnice,Beier,"90 Dooley View","Powlowski Valleys","Masbate City",Idaho,Albania,590-458-161,552-805-513,"Bashirian LLC",rowe.com,Millwright,Moccasin,1994-12-01,hackett.bonnie@hotmail.com,"8~LV%#C.E`1Xi,0"
014f26a1-95eb-37b2-b645-8a4e1ceb0ccb,Prof.,Cassidy,Kozey,"50A O'Reilly Route","Runolfsdottir Circle",Butuan,Oklahoma,Mexico,565-875-045,249-587-219,Jacobi-Batz,conroy.com,"School Bus Driver",Moccasin,2006-03-18,shaniya22@gmail.com,PAs'8Yv[C4
0f6ad370-4425-3289-bc78-c8fbb0d73d76,Dr.,Morris,Lindgren,"05A Heaney Hills","Beier Lodge",Lucena,Utah,Congo,972-832-107,909-944-014,"Grady Ltd",zieme.com,"Chemical Engineer",Crimson,2017-09-18,enos.schuster@gmail.com,"\`UT|uH<'>1F;"
fb055f8f-809d-3c0f-871f-0f32b8066980,Prof.,Jaylen,Bode,"95A/89 Herzog Landing Suite 642","Funk Fields","San Jose",Kentucky,Madagascar,113-529-239,845-347-103,"Dibbert, Gusikowski and Medhurst",fisher.net,"Bartender Helper",DarkSalmon,1971-07-05,garth.johns@gmail.com,SCN/+YSpJn^6Nc$
014cad83-c8f7-32e3-b97f-d49e695d02a8,Dr.,Crystel,Dare,"64 Reinger Ranch Apt. 982","Rolfson River",Vigan,California,"New Caledonia",792-350-346,346-181-111,"Brown, Quigley and Cassin",walsh.com,Nutritionist,PapayaWhip,1985-08-17,mathilde42@okuneva.com,e*KvG(Ac
e748ebb7-ff49-3f0e-9678-09bfe8b5bcd6,Prof.,Melisa,Prosacco,"29/85 Gorczany Ports Suite 977","Lubowitz Island","San Carlos","New Jersey","South Georgia and the South Sandwich Islands",011-774-505,597-272-238,"Romaguera, Parker and Kris",hudson.info,"Ship Engineer",Crimson,2005-10-29,gutkowski.gust@ferry.biz,Un6rP1c|[/;$b?U=2
e0af9791-bc50-34b5-b194-69d58c7ac5cc,Dr.,Frederic,Block,"66A Donnelly Pine","Rath Shoals",Himamaylan,Kentucky,"United States Minor Outlying Islands",208-922-033,693-389-555,"Mayert, Skiles and Mayert",treutel.org,"Agricultural Inspector",HoneyDew,1973-02-15,nico36@orn.com,}%<-%_jw!BP~l1
95b1893e-7023-357e-afce-13ae67b747f2,Prof.,Ransom,Cummerata,"77/33 Ondricka Creek Apt. 923","Wehner Tunnel","Santa Rosa",Iowa,Cambodia,992-257-248,477-442-033,"Wunsch, Skiles and Gleichner",christiansen.com,"Religious Worker",BlanchedAlmond,2005-04-10,cassidy.oconnell@hickle.net,{N;]![z!K=u|XixXHB
68e452f9-59f2-3912-9096-97cdf130e20d,Prof.,Lorenza,Kuhn,"40/29 Herzog Port Suite 055","Gaylord Underpass",Pasig,Missouri,Norway,768-625-961,905-848-024,Heidenreich-Harvey,blick.com,"Aviation Inspector",SandyBrown,2016-08-27,brett53@mraz.com,"CZ1SG\/^oqVE"
f4b184c2-ab9b-37b6-b664-af45dc6d88c5,Ms.,Nasir,Stanton,"05A Bins Terrace Suite 370","Donnelly Spring",Butuan,Illinois,Jersey,540-370-841,921-916-241,Renner-Leuschke,rau.biz,"Air Traffic Controller",DimGray,2021-06-18,hbahringer@gmail.com,"EC3>IB>z;{w0\C|L"
61322a4b-3d4c-3ded-9335-b75610b8d6c7,Miss,Margret,Goyette,"37A Kihn Loop","Koch Mountains",Baguio,Vermont,Yemen,802-876-039,668-301-397,"Williamson, Okuneva and Davis",lind.org,"Welding Machine Setter",Navy,2000-12-24,schinner.nico@hotmail.com,"JCJk0Lm5V,}Mvx:`"
ff651b95-6242-3a47-bd0f-4f1057f96f34,Mr.,Alia,Collier,"64A Yost Harbors Suite 050","King Neck",Lapu-Lapu,Maine,Sudan,718-387-630,333-430-491,Collier-Upton,wisoky.info,Millwright,DarkSlateGray,1979-09-26,fschumm@dibbert.com,:3n)s=C
0c345ee5-8beb-39b6-9e9f-bbbbe4b711f6,Prof.,Durward,Cummerata,"72 Feest Turnpike Apt. 030","Smith Well",Lapu-Lapu,Florida,Tokelau,626-853-901,528-001-020,"Koelpin, Zboncak and Hauck",sawayn.com,"Home Economics Teacher",BurlyWood,1979-10-31,zgrant@hotmail.com,xef#<>N%X8s1$J
20a57183-5f6e-3227-a673-6e67172cc49a,Dr.,Hilma,Deckow,"38/32 Heller Parks Suite 882","Schiller Plaza",Pasay,Pennsylvania,"French Polynesia",881-439-888,625-505-774,"Langosh Group",krajcik.com,"Brattice Builder",Khaki,2010-10-10,lora83@bruen.com,")wt{jZ=\i"
ce278531-f779-3066-89c9-70f33250ce90,Mrs.,Garett,Goyette,"50A/49 Fadel Divide Suite 784","Dach Trafficway",Pasig,"South Dakota",Grenada,077-267-048,416-292-572,"Schneider and Sons",jaskolski.com,"Paste-Up Worker",SpringGreen,1980-12-21,addie91@lueilwitz.org,"[#$u[GE`74kaX"":"
403707d9-6965-3e37-98a0-417cf30634b1,Dr.,Jazmyne,Durgan,"58/82 Goodwin Lodge","Crist Locks",Naga,"South Carolina","Antarctica (the territory South of 60 deg S)",754-574-428,880-740-945,Kling-Stokes,pouros.com,"Surveying Technician",SaddleBrown,1998-05-28,fahey.logan@yahoo.com,){0P#?:}3
d25de622-3dab-3036-841c-1293ae2fd962,Prof.,Harley,Schulist,"69 Fay Cliff Apt. 036","Reinger Ferry",Ozamiz,Nebraska,"Isle of Man",950-290-096,881-208-527,"Stracke LLC",yost.biz,"Community Service Manager",Maroon,2013-08-11,sincere39@hotmail.com,"0=\7bNEeByP=<:FZvM=%"
3b53fb64-a403-334a-b326-05665d601f2e,Prof.,Imogene,Frami,"61 Stroman Rest","Doyle Points",Lipa,Louisiana,Vanuatu,107-713-146,059-054-629,"Harber, Koch and Powlowski",shanahan.com,"Medical Laboratory Technologist",DimGray,2014-11-16,germaine.fay@gusikowski.net,2N}|;4{;F
214925c3-b8af-389c-87c1-36232c5043c7,Dr.,Scotty,Connelly,"06A/79 Effertz Ways","Tromp Mission",Sagay,Delaware,"Cape Verde",400-353-369,290-089-852,"Beatty, Kemmer and Roberts",stokes.biz,"Streetcar Operator",LawnGreen,2015-03-24,gerard12@anderson.com,.7GtU@-%:/#To)dbqm
bfa7d423-5c3f-37c7-b650-623d993a0fee,Prof.,Jerome,Huel,"16A Haley Squares Apt. 022","Stanton Lock",Iligan,"South Dakota",Greece,230-862-000,627-827-607,Miller-Bradtke,kirlin.com,Barber,Yellow,1972-06-19,rnikolaus@hotmail.com,"""NMte~g:'s2_;pg152D"
88e603dd-b50b-31a7-8d65-662ed76d597e,Dr.,Derrick,Lind,"10A Labadie Terrace Apt. 606","Torphy Place",Vigan,Montana,Germany,299-428-788,323-136-674,Huels-Rutherford,mclaughlin.net,"Aircraft Mechanics OR Aircraft Service Technician",IndianRed,2005-10-09,conor.white@hotmail.com,D5h$eMM
a38719cd-257e-39f9-ad33-8b139d583447,Dr.,Quincy,Krajcik,"03A Weber Orchard Apt. 278","Wilderman Divide",Naga,"District of Columbia",Ireland,444-028-648,874-288-052,"Rowe Ltd",waters.biz,"Medical Secretary",White,1987-08-03,sbauch@nader.info,"/CBZ|""a;Ni"
fe048d11-1542-3c25-98ad-1c9475f648de,Mr.,Nora,Okuneva,"66/94 Mante Ports","Cole Courts",Lipa,"West Virginia","Central African Republic",645-494-763,043-567-608,"Lebsack Group",pacocha.biz,"Computer Software Engineer",DarkSlateGray,2004-06-08,jconroy@dach.com,`1f!r+)p4*i|C
eaa6daa8-b367-3f90-8fab-c6d63f1dc060,Miss,Winona,Hickle,"80 Brakus Vista Suite 587","Reilly Turnpike",Caloocan,Minnesota,Montserrat,278-828-478,182-524-003,"Weber Group",mueller.info,"Nursing Instructor",Navy,2014-08-17,runolfsdottir.tess@feest.com,RA<PhZHm[W7N
79c882d9-c662-3347-9a0d-81bffba994e7,Dr.,Jesse,Heidenreich,"92/31 Dickens Stravenue","Adams Throughway",Malolos,Idaho,Gambia,568-342-481,615-013-797,"Weimann PLC",luettgen.biz,"Mechanical Drafter",Chocolate,1994-01-24,mellie.hickle@bruen.com,M3sQW8Q{2W6al]Y$W8.
066db6fd-b3cf-3288-bb37-48bb49f41b74,Prof.,Ezekiel,Kuhn,"57/68 Schroeder Oval","Walker Forges",Naga,Oklahoma,Mongolia,580-121-018,673-158-570,Lindgren-Thompson,toy.net,Roofer,SeaShell,2003-01-12,cbraun@aufderhar.com,"\geR)UZi{9|WRx|_"
336b4042-5cb8-3825-91e0-0f449faa0b28,Dr.,Anna,Corkery,"20 Harvey Courts Suite 667","Schaden Parks",Koronadal,Alabama,Myanmar,453-629-984,421-149-189,"Zboncak Ltd",swift.com,"Nonfarm Animal Caretaker",LightBlue,1987-05-16,ibergstrom@yahoo.com,"fO>FoM<7Jz9,@#T|MX"
ff54c1c6-e145-32a8-800e-092bb880c437,Prof.,Bert,Kling,"53A Padberg Ford Suite 776","Grimes Walks","Surigao City",Colorado,"British Virgin Islands",701-294-692,639-701-883,Hills-Weissnat,abernathy.net,"Occupational Therapist Aide",Teal,1993-08-18,xschowalter@gmail.com,o?4`TGR/
26cd03b1-4e0a-3350-9a22-e3a944ffa79f,Prof.,Linda,Fadel,"74/53 DuBuque Divide","Auer Glens","San Fernando",Delaware,"Kyrgyz Republic",288-457-886,809-664-059,Balistreri-Kertzmann,halvorson.net,"Explosives Expert",Turquoise,2006-01-18,macejkovic.twila@stoltenberg.net,"DNY$I9""Mq7L]x"
70415ba6-a235-32f3-a5e7-5f9c9a60da63,Ms.,Liliana,Connelly,"90A/11 Pollich Lakes Apt. 554","Wolff Forks",Caloocan,Indiana,Bangladesh,897-173-792,271-600-464,"Schuster Inc",weissnat.info,"Fast Food Cook",LightSteelBlue,2022-12-02,zcarter@gmail.com,Efz@fA[Q7+qhE
6bee875e-fb64-3eef-8a8e-fcb4e933ef5f,Miss,Alexis,Purdy,"28 Fritsch Gateway Suite 610","Heidenreich Mountains",Makati,Vermont,Austria,354-853-706,066-675-474,Rice-Pollich,pfeffer.com,"PR Manager",SeaShell,1994-10-01,macie20@hotmail.com,F|GJBm3]
eb591b87-79b5-3b14-9a97-73e531724484,Dr.,Eliza,Volkman,"94 Hyatt Path","Abbott Divide",Bacolod,Wyoming,Guam,637-203-882,277-019-888,"Kilback Group",doyle.com,"Logging Tractor Operator",MediumSpringGreen,2000-01-28,stoltenberg.eugenia@gmail.com,O|3wC0YOMH8Z7U
55ac57d4-fe4a-3dbf-968e-66fa78ebfc5b,Prof.,Sydnie,Osinski,"92A Parker Road","Lang Islands",Digos,Wyoming,Ecuador,045-970-032,345-486-695,"Reynolds, King and Gerhold",boehm.com,"Real Estate Sales Agent",DarkViolet,2001-07-24,stamm.gilbert@mclaughlin.com,>nS[ho3]kB?^uN
152e9071-f349-38b7-9812-76e9e8848554,Mrs.,Sanford,Howell,"78 Becker Mill Apt. 904","Beier Key","Batangas City",Iowa,"Cote d'Ivoire",888-846-392,333-570-231,Johns-Becker,lang.biz,"Parking Enforcement Worker",IndianRed,1993-10-22,emmerich.lora@brakus.com,"bP=MiSq""Q1""d8"
58c4db30-bfbc-379e-bfaa-52ac51392f0a,Mrs.,Eve,Monahan,"81A Ryan Squares Suite 704","McDermott Island","San Pedro",Maine,Guam,106-182-820,153-101-397,Rice-Russel,jast.com,"Lay-Out Worker",DarkSalmon,1988-12-29,loren30@schoen.org,2sHD%ig!*I|wc9
63d94af4-88d4-3af0-aac7-227e28b90e5b,Dr.,Joanny,Hudson,"25/72 Welch Village","Watsica Parks","Masbate City",Mississippi,"South Africa",284-224-756,945-723-297,"Haley PLC",altenwerth.org,"Retail Salesperson",SeaShell,1997-01-02,stamm.mattie@gmail.com,^~S-VOAInLzu$
075ddc60-c458-3f93-8523-3645fd1fed29,Mrs.,Dillon,Howe,"94 Donnelly Spurs","Bartell Bridge",Alaminos,Kansas,"Slovakia (Slovak Republic)",406-870-525,554-397-374,Kuvalis-Howe,klein.com,"Philosophy and Religion Teacher",GhostWhite,2009-04-11,ignatius87@padberg.com,!g~Vy.:)>qk^y:W_ZBrk
625ba455-de38-31fd-8145-6c1e110193ef,Dr.,Kieran,Hamill,"69 Hauck Wells Apt. 430","Mueller Greens","Cavite City",Massachusetts,Liechtenstein,190-908-031,650-285-808,"Gleason Inc",sawayn.com,"Air Traffic Controller",MediumAquaMarine,2024-04-15,ritchie.scarlett@aufderhar.com,'!m^TXa@)ax/9A#hS
3bdb9276-2255-35e2-8a0c-91d8b485a1a9,Prof.,Fiona,Brekke,"23 Padberg Divide Apt. 900","Pollich Park","Sorsogon City",Connecticut,"El Salvador",436-964-053,190-676-639,Halvorson-Cartwright,rosenbaum.com,"Retail Salesperson",Silver,1977-06-29,asporer@hotmail.com,"q5"";ecq"
91a4cc8b-9361-3a2e-8379-1e46c06d50fa,Dr.,Alfonso,Monahan,"25A Heaney Forks Suite 604","Green Ridges",Batac,Tennessee,"United Kingdom",530-355-118,171-815-667,"Cummerata and Sons",kozey.com,"Earth Driller",DarkGreen,2014-09-17,adell.ledner@hotmail.com,cuFz6]vX>i[5gbZ
02e6856b-3e5c-3b02-b0fc-28e99db90d13,Prof.,Elfrieda,Roob,"59 Watsica Cliffs Apt. 913","Boyer Light","Surigao City",Tennessee,Dominica,725-722-246,380-399-796,Morar-Anderson,keebler.com,"Radiation Therapist",SaddleBrown,2014-11-14,ikuhlman@bartell.com,"f^]pTArXIG5+_NFp""KA"
39adb004-2ca3-349e-b290-1cf5331b47aa,Prof.,Kobe,Koelpin,"74/55 Gerlach Summit","Hane Points",Balanga,Alaska,Montserrat,589-536-193,165-802-609,"Bode, Zboncak and Bradtke",kemmer.com,"Home Health Aide",Snow,2004-06-06,arnoldo25@doyle.com,;:+Cttvnf
1a7cb206-cbcc-3d4d-909b-9d23fc448f3b,Mr.,Jamison,Russel,"65A Abshire Mission Suite 008","Zulauf Green",Palayan,Arkansas,"Northern Mariana Islands",047-443-001,048-982-597,"McKenzie PLC",strosin.com,"Precision Dyer",LawnGreen,1993-09-17,vturner@hodkiewicz.org,rSlZ.BJ
f6f2cedc-bc11-320c-9c6e-4914ca9e406d,Mr.,Camron,Greenholt,"38/65 Kovacek Cliffs","Lakin Divide",Talisay,"New York",Venezuela,138-756-687,053-309-294,"Rice Ltd",kling.org,"Landscape Architect",DeepSkyBlue,1997-02-17,tyra75@mcdermott.com,osP3Ps[jIHfX.
58de9089-462e-3a6e-a3bc-c0b3f0368a20,Mr.,Louie,Heller,"44A/09 Schaefer Hollow Apt. 772","Schuppe Burg",Vigan,"North Carolina",Mongolia,171-369-938,743-410-874,"Cremin Ltd",strosin.com,"Licensed Practical Nurse",DimGray,1971-01-24,kleuschke@hotmail.com,cRwo*|
97c34e68-9fb2-3294-ae2f-11624e75d60d,Mr.,Zander,Bernier,"72A/76 Lueilwitz Lake Suite 330","Emard Corners",Legazpi,Alaska,Poland,242-240-299,893-579-737,"Treutel, Bauch and Jakubowski",morar.com,"Etcher and Engraver",Purple,1974-07-05,johanna05@turcotte.info,@fRP4_^gJ
f0f0b535-8398-3a5e-b397-9a23704acb56,Ms.,Gail,Daniel,"25A Beahan Corner","Rohan Isle",Catbalogan,Ohio,"United States Virgin Islands",251-483-963,724-916-557,"Labadie, Stanton and Beer",rice.net,"Electronic Engineering Technician",FloralWhite,2009-03-10,bradtke.tevin@hotmail.com,zO#57=IrEForF
1278aba6-f1e3-3df1-80c5-6000e9cdb71c,Dr.,Antonio,Auer,"15A/07 Wiza Plaza Apt. 325","Hoeger Isle","Trece Martires",Delaware,Panama,451-472-357,907-122-164,"Hickle, Lang and Vandervort",bogisich.com,"Safety Engineer",CornflowerBlue,2015-11-18,nicolette15@huel.com,2h61_//f(]lEF:$AJ
cc96c641-2d25-3ab5-be19-f2c3e26312db,Dr.,Pete,Pagac,"58A/79 Raynor Mews Suite 418","Miller Flat",Mandaue,Washington,Tokelau,624-541-813,951-733-130,"Romaguera Ltd",schaden.com,"Entertainment Attendant",LightYellow,1972-01-15,mustafa58@hotmail.com,XNFOv4GC=|I#Y
e4ca480e-0dc3-347d-aa85-dd7989f0d159,Ms.,Viola,Hudson,"12A Kuvalis Mount","Kuhic Valleys",Baybay,Ohio,Gabon,548-643-630,205-997-511,"Leuschke LLC",parker.info,"Automatic Teller Machine Servicer",AliceBlue,2015-04-07,qborer@goodwin.com,Mk]kWH^4%VhtCfrN
e1725616-135c-3598-80b5-348aec32d83f,Prof.,Makenzie,Johnson,"04A Pagac Knolls","Sporer Vista",Iriga,"South Carolina",Colombia,743-279-450,510-017-481,Thiel-Wiza,lindgren.info,"Commercial Pilot",Gold,2010-03-22,anabel.kub@hotmail.com,*qsc41vX(cQK8mmp
90dc6121-a527-337e-b384-ea834bc7b507,Prof.,Ricardo,Steuber,"65A Denesik Rue Apt. 985","Lemke Corners",Silay,"North Dakota",Thailand,981-396-917,758-888-393,Keeling-Bailey,fisher.com,"Chemical Equipment Tender",Pink,2023-03-15,tyrique89@konopelski.net,1_b(;9j
03a73132-0ddf-3dfd-a97b-cbdd48ccc213,Dr.,Derrick,Fritsch,"80 Kohler Spring","Zemlak Roads",Calapan,Ohio,Eritrea,527-240-243,495-549-475,"Rowe PLC",kessler.com,"Welfare Eligibility Clerk",OrangeRed,1985-08-18,wuckert.bethel@raynor.com,/3=3CzS/c{kK4EBF
cff42473-eb57-3840-9c1f-e1180709163c,Mr.,Rafael,Greenfelder,"74/54 Auer Fork Suite 162","Bartoletti Meadows",Oroquieta,"New York",Qatar,151-477-918,409-415-406,Ondricka-Kris,runolfsson.com,"Library Science Teacher",NavajoWhite,1994-01-18,krystina.labadie@schoen.com,0Ar=B$N4TQ
14d2f2ed-4400-3fd1-8397-aaf71d53059b,Miss,Herminia,Stark,"05A/72 Mante Center Apt. 802","Ankunding Orchard",Lucena,Nevada,Taiwan,840-769-783,630-098-741,"Parker LLC",wuckert.com,"Social Science Research Assistant",LightCoral,1992-02-21,morgan.hansen@glover.com,"ZO\m1o,W"
6557ca68-dff1-3f0b-8ee2-410afbf04adc,Prof.,Roman,Beatty,"03A O'Kon Port","Miller Forges","Quezon City",Delaware,Nigeria,491-971-820,924-639-990,"Baumbach, Hayes and Funk",von.com,"Psychology Teacher",Azure,2000-05-31,mwilderman@schinner.info,bnJl#3
36067fc6-30cc-30d8-8768-15c19684b469,Miss,Jordy,Nolan,"32/76 Orn Row Suite 031","Zieme Groves","San Jose del Monte","New York",Albania,086-755-333,972-478-442,Gerlach-Gulgowski,farrell.org,"Service Station Attendant",Violet,2001-01-23,noel.gorczany@gmail.com,Fx-nk>
a3450d5e-3691-3cb3-942e-f4a4194791ef,Prof.,Camilla,Stokes,"82 Fritsch Mission Suite 411","Mertz Mountain","San Pedro","New York",Bolivia,432-227-564,653-459-268,"Schinner PLC",hauck.com,"Deburring Machine Operator",Gainsboro,2010-04-25,haven.daugherty@koch.com,^quC0.<h;d|0xfd?S[
78fc766c-d57e-3162-a4ff-5a643c610230,Dr.,Mckenna,Raynor,"56A/45 Stroman Coves","Fritsch Wells",Talisay,Arkansas,Guadeloupe,777-508-559,455-820-070,"Smitham LLC",predovic.biz,"Fishing OR Forestry Supervisor",IndianRed,1991-11-30,wolf.vella@hotmail.com,"\%**{Uxd/K95W.q{A"
4739b7bd-bc50-3b02-87ca-be707eaf8963,Dr.,Antonetta,Kuhic,"12 Gutkowski Parkways Apt. 365","Franecki Estate",Candon,Arizona,"Pitcairn Islands",439-973-096,909-562-784,"Crona, Swift and Gibson",tillman.com,"Word Processors and Typist",SlateGray,1996-12-12,toreilly@blanda.com,";hu;@B@5#""hY4%D["
bc6d4ed2-3e3b-332a-9edb-57a11b491b27,Dr.,Destiny,Howe,"33A/18 Jast Extension","Jacobson Greens",Mabalacat,Nebraska,Ecuador,172-084-258,958-323-241,"Breitenberg Ltd",gulgowski.net,Jeweler,Snow,2000-11-19,elsa.adams@sporer.biz,"*""RP&j1:?gT,3bljqE3^"
441ec0c2-fb5c-3e49-9241-173cad7809ad,Dr.,Fredy,Thompson,"40A Skiles Spurs","Volkman Parkway","Davao City",Pennsylvania,Albania,795-191-674,550-570-052,"Collier, Sporer and Tremblay",oconner.com,"Lay-Out Worker",DarkViolet,1991-03-14,ccremin@ritchie.biz,">AxS@/\)qp:I,p0Si~"
aa97785c-17d1-3a97-b296-767bd7e5ffb4,Miss,Ciara,Price,"22A/77 Durgan Plaza","Schmitt Vista",Marikina,"New Jersey",Tanzania,294-753-189,572-698-023,"Feil PLC",wolff.com,"Space Sciences Teacher",IndianRed,1984-04-18,efranecki@hotmail.com,0Fj8h]#nl
fa7414a6-92fb-312d-884a-d87bdb689b1b,Dr.,Quincy,O'Connell,"37/28 Christiansen Points","Bruen Road",Canlaon,Mississippi,Rwanda,277-784-488,405-903-561,"Flatley Inc",lemke.com,"Welder and Cutter",LightGray,1991-10-24,otha.swaniawski@bergstrom.org,":dQu|vX]\</9"
3ffd2a15-630d-3671-b02c-4261dcf556fe,Miss,Joesph,Parisian,"65A Bashirian Rest","Treutel Corner",Pagadian,Nevada,Kazakhstan,611-175-140,069-133-093,"Hirthe, Hamill and Brakus",corwin.com,"Slot Key Person",SeaGreen,2023-08-02,xkutch@yahoo.com,"e)YxxR6f,48ac]+~Tx"
f925a837-f902-3900-96d1-6c35365c9c92,Prof.,Kirsten,Veum,"87A Blick Islands Suite 988","Schaden Road",Kabankalan,Wyoming,France,993-016-993,374-098-425,"Bruen, Nicolas and Bartoletti",johnson.com,"Anthropology Teacher",DarkOliveGreen,1978-09-01,demetrius18@terry.net,+i^=u3wE5Nc1_B[Y
08cd6fdf-9de1-3a05-a03e-44cf1ed2a4a3,Prof.,Jade,Beier,"30 Powlowski Drive Suite 897","Corwin Pines",Palayan,Connecticut,Morocco,855-213-065,130-602-037,"Adams and Sons",armstrong.com,"Structural Metal Fabricator",IndianRed,2003-07-26,jayson82@gmail.com,",ktPVB49?{R^_/""&D~"
aa6d2ff1-b803-34dd-a61f-fe98de279f72,Miss,Ray,Cassin,"71/53 Larkin Crescent","Fay Tunnel",Tanjay,"Rhode Island",Malaysia,129-051-971,754-362-641,"Prosacco, Roberts and Effertz",williamson.info,Postmasters,Darkorange,1987-10-05,raphael.dubuque@hotmail.com,"?1q""QGh%R8K6$5[qz\J"
c92571b8-ae51-3043-9a0c-97e5da61b837,Mrs.,Abbigail,Kohler,"60 Pollich Ports Suite 052","Padberg Overpass",Mandaluyong,Arizona,Tokelau,894-342-041,097-623-686,Eichmann-Hermann,bailey.org,"Environmental Science Teacher",Aquamarine,1987-06-24,mjohnson@aufderhar.com,"e""%=j>YIy-c-{d3"
618dfc6d-cb8f-38db-9d23-1d3abf6aa0f0,Dr.,Reese,Jaskolski,"27A Macejkovic Way","Morissette Crest",Naga,Minnesota,"British Indian Ocean Territory (Chagos Archipelago)",241-900-499,487-471-195,"Lang Inc",lehner.com,"Stationary Engineer",CadetBlue,1970-12-10,rolfson.hellen@hotmail.com,/n$5UrmUShyQ
f7e1015a-d312-3249-992a-db2016e53324,Mr.,Elisha,Smith,"66A/54 Abbott Village","Rowe Circles","San Jose","New Jersey",Namibia,401-423-431,815-582-734,"Boyer PLC",jerde.com,"Massage Therapist",DodgerBlue,2001-07-26,pcormier@yahoo.com,a8K&E[050cRf_Vhs#
0cbadc5d-cb46-3bb0-9c20-2077b0a7461c,Miss,Nicklaus,Hand,"64/30 Murphy Lodge","Tillman Pike",Ligao,Idaho,"United States of America",368-961-501,926-087-571,"Hintz PLC",bayer.com,"Geological Data Technician",LawnGreen,1985-11-18,steuber.eusebio@hotmail.com,B5NQSiQb2w0_+B}6N
5b4677c3-73dd-3de7-bda4-e302bb50d5ba,Prof.,Alysson,Kilback,"86A/45 Franecki Points Suite 414","Hill Plain",Escalante,Tennessee,Germany,672-833-526,150-295-424,Gislason-Stracke,runolfsdottir.com,"Veterinary Technician",HotPink,2011-01-10,bogan.alivia@haag.com,"9yRv*$k>p.Y""["
34683162-a344-3982-a67a-e85967e1a722,Dr.,Yvonne,Moore,"24 Sauer Throughway Suite 246","Lesch Pine","San Pablo",Montana,"Bouvet Island (Bouvetoya)",449-049-594,015-197-044,"McClure LLC",schulist.com,"Computer Programmer",LightGreen,2006-12-09,heidenreich.elenora@gmail.com,%H_HPQ]1BiJT
0156da4f-7fec-32fb-88f2-5ef7a5582966,Mr.,Rachelle,Koch,"76/91 Raynor Landing","O'Conner Landing",Himamaylan,Mississippi,Poland,288-910-623,718-118-185,"Von, Veum and Borer",zemlak.com,"Clinical School Psychologist",Beige,2015-03-10,jayce87@miller.info,"\#\H5gQP}6njB"
0a3d0e89-cfb2-3c39-a897-c4e7f0db49ee,Mrs.,Roosevelt,Howell,"67/56 Balistreri Mission","Ryan Springs",Antipolo,Georgia,"South Georgia and the South Sandwich Islands",818-493-614,294-875-171,"Hartmann and Sons",hodkiewicz.com,"Irradiated-Fuel Handler",Tomato,2001-03-04,tyrese.green@yahoo.com,"gIuIUp\^07"
b9ef9fe2-d692-33ff-b397-64154b68501e,Miss,Devonte,Eichmann,"65A Jenkins Plains","Walter Hollow",Cabuyao,Oklahoma,"El Salvador",093-176-069,585-967-358,"Simonis, Mraz and Kuphal",hill.com,"Credit Authorizer",HotPink,2019-03-24,issac.larkin@larson.com,"d*K:Bs>.\I8"
4a498e04-d73a-3f6c-aa72-e422b3d2ba64,Dr.,Corbin,Johns,"48A Denesik Junction","Fay Mount",Muñoz,"South Carolina",Seychelles,029-659-310,142-754-721,"Jones, Schaefer and Ondricka",braun.org,"Computer Security Specialist",LimeGreen,2020-11-17,christy72@greenfelder.com,@dn]e.E!ifsx!_U(PP
10a5d0ec-a4a1-3969-a83e-370297a0ad69,Prof.,Keira,Witting,"15A/16 O'Keefe Glen","Stamm Isle",Naga,"District of Columbia",Bangladesh,785-988-364,092-908-003,"McDermott, Stroman and West",lynch.org,Warehouse,Tan,1981-10-03,sylvan67@toy.com,]/WRGph:
c34cde35-b560-32d2-b984-0b17ddaf1761,Ms.,Sandra,Homenick,"13A Dare Roads Apt. 943","McKenzie Terrace",Marikina,Connecticut,India,386-114-083,554-215-395,"Friesen Inc",ruecker.com,RN,Red,2007-01-05,stephen.brown@gmail.com,CyDDBk
b1ded941-9543-3b2a-bddf-9b5e8eda3065,Miss,Benton,Carroll,"33A/58 Williamson Viaduct Apt. 782","Nitzsche Wall",Candon,"New York","Falkland Islands (Malvinas)",715-102-084,452-279-033,"Cassin and Sons",rowe.org,"Caption Writer",Thistle,2009-03-29,ratke.noah@hayes.net,[!t[3mB'D_XY*m
5c72ebda-e951-3a15-b453-85040e3a801c,Miss,Ian,Feest,"38A Langosh Key","Romaguera Turnpike",Pagadian,California,Cuba,505-366-591,951-328-280,"Gibson, Rau and Schamberger",bruen.biz,"Soil Conservationist",BlanchedAlmond,2011-01-19,doyle.veronica@effertz.com,><n=R~06{YsZTQ
36b49860-c2c7-3cd7-ba64-297bcef60cdd,Prof.,Alexandrea,Toy,"39 Willms Cliff","Bernhard Estates",Digos,Arkansas,Mozambique,824-058-937,842-626-046,Leuschke-Herzog,beier.biz,"Secondary School Teacher",Gainsboro,1997-08-30,kiehn.letha@hodkiewicz.com,FD/..onx{G=@1
e683b734-8679-36f9-8726-91a91278661c,Dr.,Luisa,Pfannerstill,"51/72 Terry Hill","Herzog Circle","Santa Rosa","South Carolina",Angola,054-612-086,689-600-276,"Rau, Ondricka and King",haley.com,"Staff Psychologist",DarkSlateBlue,2021-12-05,conner11@durgan.biz,"lz{6$K,b_3{E""Y&J"
4974f9a4-2a80-31a5-944f-2cbeac3cd80b,Ms.,Mellie,Kutch,"42/94 Haag Hollow Apt. 484","Cummings Harbors",Tagbilaran,Oregon,Italy,229-951-439,302-122-983,Schneider-McKenzie,gutkowski.com,"Cooling and Freezing Equipment Operator",RoyalBlue,1992-12-03,camilla.goldner@stoltenberg.biz,"azs%,y%|*"
8ebd7462-620e-362d-890f-728e90035bcd,Prof.,Marco,Murazik,"19/96 Hoppe Island Suite 334","Torp Shore",Biñan,Nebraska,Moldova,132-052-152,261-915-302,"Jerde Inc",thompson.com,"Photographic Processing Machine Operator",LightGreen,2003-10-11,anderson.edna@gmail.com,"@jTUH"""
e744000f-9ebd-35d7-b6e1-e18c7a472940,Dr.,Bertha,Ruecker,"90A Ruecker Alley","Simonis Ports",Santiago,Nebraska,Nepal,358-500-152,971-984-596,"Batz, Leuschke and Renner",wunsch.info,"Welfare Eligibility Clerk",LightSeaGreen,2021-01-05,myrl68@yahoo.com,b?!YVt
e1600c7b-3600-3c41-a1bd-4efcc679b630,Mr.,Donald,Ratke,"72/95 Hirthe Square Apt. 349","Predovic Mews",Cadiz,"New Jersey",Ethiopia,370-386-423,340-470-280,Dare-Jerde,aufderhar.com,"Recreation and Fitness Studies Teacher",OrangeRed,1998-04-27,gayle87@hotmail.com,"[q7}4l,@G%'lC52m=YA"
8a01ca11-1387-33de-a1c0-60ae15d1ba60,Prof.,Marley,Hahn,"75/65 Leuschke Flats Apt. 830","Marvin Curve",Iligan,Missouri,Croatia,681-462-963,606-803-971,"Beier Inc",leuschke.com,"Movie Director oR Theatre Director",DarkGoldenRod,1977-08-29,fiona78@metz.com,"xEj4k""x~vA3"
9ccba499-7bc5-357c-84c8-bc07ef68c464,Ms.,Avery,Champlin,"84A/65 Turcotte Streets Apt. 314","Russel Road",Danao,"South Carolina","United Kingdom",499-059-925,455-610-460,"Pagac, Blanda and Brown",effertz.com,"Photoengraving Machine Operator",ForestGreen,2008-03-18,hipolito.cummings@kulas.biz,l}Kok7mSq-mk7a?flO_f
d17eaee1-3031-33f4-8532-2fafbe25334a,Dr.,Richie,Doyle,"21 O'Conner Ferry Suite 450","Carter Orchard",Biñan,Montana,"Bouvet Island (Bouvetoya)",083-678-854,863-128-641,"Corkery and Sons",bernier.com,Typesetter,GhostWhite,2021-05-24,fisher.luella@yahoo.com,"i,x<EsE"
a7817ab0-c794-3ab8-a132-0bf25f65539d,Prof.,Bridget,Emard,"19 Gottlieb Underpass Apt. 389","Wyman Valley",Dapitan,Kansas,Andorra,885-054-826,680-071-677,"Klein, Renner and Zieme",koepp.net,"Chemical Equipment Operator",Plum,1990-02-05,konopelski.lucy@hotmail.com,x-pRrezP*pE$
f594a2bd-e369-3ec5-aa34-c75f446b9421,Prof.,Mariah,Lind,"36 Reinger Walks","Hegmann Stravenue",Taguig,Alaska,Mauritius,785-314-172,550-141-781,Crona-Nicolas,herzog.com,Geoscientists,DarkOliveGreen,1992-04-25,buster19@white.biz,5fjmIL`5k$Q
5637bf87-8d8f-320e-bf7a-73b45813718a,Ms.,Brycen,Champlin,"49 Wiza Port","Quigley Court",Marawi,Nebraska,"Christmas Island",640-465-345,748-123-103,"Flatley, Weber and Abbott",cruickshank.com,"Clinical Laboratory Technician",DarkMagenta,2000-08-29,cwillms@blanda.com,"(X""lX+T@"
39815ff0-845c-3641-b82a-9f8747b86d14,Miss,Elvis,Aufderhar,"50A/19 Shanahan Curve Apt. 996","Volkman Path","San Jose",Oklahoma,Norway,538-630-780,386-622-866,"Bartoletti Group",little.com,"Portable Power Tool Repairer",Lavender,2013-06-15,tremblay.lelia@yahoo.com,eX)iHU7P&mqzEU
51edd6bf-d956-354a-a286-291ff68a4109,Dr.,Dudley,Emard,"84/51 Tillman Road Suite 009","O'Kon Radial","San Juan",Michigan,Chad,648-755-360,922-384-479,Rau-Hirthe,tillman.com,"Oil and gas Operator",Brown,2012-07-19,ndietrich@hotmail.com,"oOhK\cq'2QO,^DbwTjaE"
e78f2ad0-bd67-3065-9ac1-bc5cc71cf72b,Dr.,Daryl,Walsh,"31A Collins Throughway Suite 486","Farrell Well",Batac,Vermont,Kenya,728-773-234,052-526-826,"Lubowitz Ltd",littel.com,"Textile Cutting Machine Operator",MediumPurple,1987-06-02,ltremblay@kihn.com,"BFLM^""hl"
e9275332-7e68-3f07-a388-a7c0e15987da,Dr.,Nellie,Hodkiewicz,"10A Treutel Plain Suite 367","Schroeder Wall",Baguio,Kentucky,"Costa Rica",451-706-299,887-275-493,"Pollich, Baumbach and Thiel",ullrich.com,"Gaming Service Worker",SteelBlue,2008-06-09,lortiz@yahoo.com,"*$tJJv:\,{)JG#H"
ce255802-abfd-3358-835e-6cf51b3a47ee,Dr.,Prudence,Haag,"46 Wolff Cliff","Kunze Squares","Las Piñas",Nebraska,Monaco,513-965-283,030-653-286,Rogahn-Jerde,gleason.com,"Financial Specialist",MediumSpringGreen,2021-06-02,barton.marilou@kreiger.com,?~s&*$+f8@Nh(ScL0S3N
636151c8-4b8c-3bc4-8e7a-dd895802610e,Prof.,Aglae,Lubowitz,"37A Kunde Place","Mante Greens","Cotabato City",Ohio,Ukraine,990-573-958,398-388-290,VonRueden-McClure,dicki.com,"Human Resources Specialist",AntiqueWhite,1996-02-11,bschultz@conroy.org,CxBP^Fgse
d87861fb-271d-3236-ae64-74190ae1867f,Mr.,Jeramie,Toy,"96 Strosin Stravenue","Schamberger Parkway",Bais,Nebraska,"Wallis and Futuna",983-759-010,882-450-617,"Streich, Cummerata and Muller",rodriguez.biz,"Mining Engineer OR Geological Engineer",Teal,1990-07-15,ttrantow@renner.com,"Yjsxki.""fY*JnsSZz"
07c98122-6a7a-3b75-97ea-d04365468f34,Prof.,Samir,Bosco,"24/46 Lubowitz Brooks","Turcotte Curve",Valencia,"New Hampshire","Saint Kitts and Nevis",140-678-066,639-759-982,"Bartoletti, Kunde and Powlowski",hoppe.com,"Plant and System Operator",Blue,1975-07-29,qgoldner@gmail.com,B:bw-a4t+pGq|>~>u{?
279989da-6527-37e8-bfde-3aade9d74213,Mr.,Norval,Hessel,"76A/60 O'Reilly Lakes Suite 568","Jacobi Green",Tagaytay,Louisiana,Canada,497-297-260,096-199-618,Reinger-Swift,grady.com,Surveyor,DarkOliveGreen,2016-08-23,xwilliamson@ruecker.com,yCkF[oXuD
fa259309-0ff3-3c15-9862-2cb96d2fd4c0,Dr.,Bette,Zboncak,"45A Morar Underpass Suite 070","Morissette Valley",Tanauan,Indiana,"Holy See (Vatican City State)",097-268-436,257-423-865,Cummerata-Stroman,mckenzie.org,Podiatrist,Blue,1992-01-11,irving61@schmidt.info,"q>*ri$?YM2l@%\7"
a53995cc-33a1-3a62-8c6e-5786ebeb666d,Dr.,Heather,Pagac,"67A/20 Jones Courts","Hagenes Fall",Bais,Tennessee,Algeria,922-855-062,454-494-886,Tillman-Kerluke,wisoky.net,"Horticultural Worker",Bisque,1971-12-21,katharina55@friesen.org,"4Ia$4"")w"
fbd83714-0557-3447-bce3-e3a3d4703476,Mr.,Chelsea,Stokes,"84/91 Sporer Falls Suite 346","Anderson Islands",Lamitan,Missouri,"Russian Federation",721-966-501,943-661-236,Kulas-Mayert,graham.net,"Model Maker",Maroon,1978-01-14,morton.haley@franecki.com,"!r}7i`)$ym!'AB2=U_;"""
0ab8811a-1fd8-37a8-87b3-856fa87934aa,Prof.,Aisha,Graham,"46/79 Von Extension Apt. 300","Feest Gateway","San Carlos","New Hampshire",Jersey,387-200-947,468-988-535,"Stehr, Mayert and Tromp",beer.com,"Board Of Directors",MediumSpringGreen,1974-12-07,camron.lehner@gmail.com,"'bT%NFy}K'z{""7i_+4r|"
eb7ad8c3-a454-3fca-99be-d9f652f48d7d,Prof.,Junius,Barrows,"10A/82 Padberg Road Suite 782","Wolff Glen",Taguig,Nevada,Guyana,151-159-300,512-832-654,Kozey-Ernser,douglas.com,"Freight and Material Mover",GreenYellow,1995-10-22,shagenes@towne.com,F;S+;~2}!4
ad46a391-4db1-3a1e-9d0b-b3a6fa2adbd2,Prof.,Gabriella,Rogahn,"38A Moen Manor","Larson Crescent",Baguio,"South Carolina",Afghanistan,661-676-237,561-812-544,McClure-Funk,bahringer.com,Gauger,Bisque,1999-03-03,windler.stuart@nolan.com,8O20gF=e*0slV!1}a.|
217d6526-9ff5-391a-9370-83b28f343eff,Prof.,Melody,Adams,"60/70 Kreiger Ford Apt. 341","Lesch Loaf",Antipolo,Louisiana,Morocco,652-299-532,385-151-387,"Sawayn, Mohr and Farrell",moore.biz,"Dredge Operator",Crimson,2014-07-18,schamberger.uriah@yahoo.com,^!R2qTpgZ
c7903fc2-1279-31ea-beb1-91c48b67d932,Ms.,Ross,Langosh,"82/11 Marquardt Knoll Suite 734","Pfeffer Ridge","San Fernando",Nevada,Lithuania,515-862-933,386-893-834,Lowe-West,doyle.info,"Project Manager",LightGreen,2015-01-07,izaiah.waelchi@yahoo.com,mxvm`@}kf-umT;^*24
d17db867-ed0f-3034-8869-d60eec7744dd,Dr.,Chanel,Turcotte,"53A/70 Mohr Well","Franecki Forge","Las Piñas",Kansas,Philippines,310-717-053,622-022-440,"Wuckert Inc",becker.com,"GED Teacher",Wheat,2003-01-13,casimir.schinner@greenholt.com,^s*~ZRkt+/d0
024c9d7d-6627-3e32-9b00-26ef888383d8,Ms.,Roscoe,Koepp,"51A/35 Goyette Centers","Champlin Orchard",Oroquieta,Ohio,Estonia,054-077-302,264-726-493,"Corwin, Haley and Bergnaum",okon.biz,"Advertising Sales Agent",LightSlateGray,2000-12-16,haven.goodwin@gmail.com,9S&VP@s?!oGF
f27de000-d3b4-308c-b196-a10e26e249d8,Prof.,Macy,Haley,"83A/06 Simonis Plaza Apt. 145","Kilback Lane",Malolos,Oklahoma,Eritrea,889-546-340,607-311-816,"Lueilwitz Ltd",balistreri.com,Maid,Aquamarine,1989-08-12,beth.graham@hotmail.com,8Yy9>(D/c1I.?}6
9156d769-e1e8-3124-81b4-95897970b383,Prof.,George,Effertz,"83 Reichel Glens","Gutmann Pines",Ligao,Arkansas,Zimbabwe,044-135-892,247-375-715,"Botsford, Schultz and Morissette",rath.biz,"Library Technician",White,2009-04-13,idella.nicolas@volkman.info,>R:<7*q+AXkEN]
86e6ecd0-2ea8-32bb-b36b-52718e7aafc3,Miss,Darian,Swaniawski,"88A/52 Beer Passage Suite 613","Towne Brook",Talisay,Vermont,Netherlands,068-572-181,485-246-177,Feil-Ziemann,crona.net,"Media and Communication Worker",Orange,1980-12-14,fbartell@hickle.com,"Q]Qo)(GQ'Sv~!0\p=Q`D"
944b29aa-2ead-3a60-ba7a-4f8cffe8ff01,Ms.,Elda,Wolf,"51A/42 Kozey Lakes","Jakubowski Landing",Tayabas,Iowa,Thailand,959-539-622,965-794-904,"Ryan Group",rolfson.com,Trainer,DarkTurquoise,2006-08-09,rkunze@yahoo.com,:Cg%1Q]<sNhIFM>7@a
81a3f2bc-1c56-3e15-9c09-f0d7470faafc,Mr.,Maria,Wolff,"64/13 Parker Bridge","Shields Corners",Mabalacat,Alabama,Iceland,588-218-278,475-542-351,Gerhold-Rosenbaum,feeney.info,"Production Worker",SandyBrown,1992-07-28,jovany62@gmail.com,dmm_W=:jA1O*YWFwdD
dd9dfeea-d554-33f2-97a1-08014dd772ee,Mr.,Georgette,Stokes,"66A/72 Lowe Fort Apt. 009","Collier Rapid",Butuan,Colorado,"British Virgin Islands",307-483-885,340-899-102,Vandervort-Feeney,abernathy.net,Sheriff,PaleVioletRed,2012-10-31,lindgren.hannah@hotmail.com,_>ZqG!
c3f60632-059e-38d9-be89-2ecd4ecb010e,Dr.,Arthur,Halvorson,"80/64 Kessler Stravenue","Mosciski Ridge",Iligan,Wisconsin,Mauritius,071-964-826,092-141-230,Reynolds-Mann,harber.com,"Interior Designer",Moccasin,1998-07-28,thurman12@hotmail.com,-W91hKboTr~3#K6T7
b657bc45-28a8-321c-8b10-dff33c2a07ff,Dr.,Madisen,Dach,"38A Schoen Heights Apt. 805","Wunsch Points",Pasay,Indiana,Lithuania,417-527-522,036-240-184,"Beahan LLC",schroeder.net,Actor,Thistle,2017-02-20,tkonopelski@price.info,>EPHt-!q>
5e43b4f1-e655-3fb4-9521-1145ba1eb1f9,Dr.,Shaylee,Hilpert,"27 Padberg Mews","Osinski Estates",Roxas,Georgia,"United States Virgin Islands",620-448-798,633-989-888,Schaden-Kessler,hickle.com,"Paper Goods Machine Operator",Peru,1975-12-16,mraz.toby@feeney.com,DU<LX;_n^
40793217-d821-377c-9882-88fd26a65859,Miss,Jamil,D'Amore,"20A Stoltenberg Falls","Weber Courts",Malabon,California,Turkmenistan,818-044-959,844-238-267,"Ankunding Ltd",orn.com,"Extruding Machine Operator",Olive,2023-10-28,cyrus.collier@breitenberg.com,"eQ]O\00rTtU}Mr_C"
45ecc564-8500-3d4d-8f52-13a64296efa8,Miss,Winnifred,Conn,"80A/12 Abernathy Street","Skiles Inlet",Tagbilaran,Kansas,Algeria,414-586-372,611-886-860,"Oberbrunner, Schinner and Schoen",sanford.org,"Annealing Machine Operator",Navy,2019-01-05,wehner.fletcher@jerde.com,"ooZ$RfD,zK!e'WY0}Sc-"
c3a3b93c-45f8-38b7-ac71-b8fd0d1aa491,Ms.,Leatha,Shanahan,"33/57 Hauck Mountain Suite 461","Cassin Tunnel",Passi,Maryland,"Saint Pierre and Miquelon",330-412-577,360-441-991,Champlin-Reichert,daugherty.net,"Cooling and Freezing Equipment Operator",Olive,2023-07-20,lindgren.quentin@lynch.com,J^HDx_1dQ~}1eHcQJF
8be68611-1d14-3515-ac3a-414dfbb1bd68,Mrs.,Wyman,O'Keefe,"84/19 Doyle Forges Suite 161","Watsica Center",Mandaluyong,Arkansas,Iceland,304-910-852,634-819-159,"Ledner, Friesen and Bergstrom",deckow.biz,"Radio Operator",Aqua,1993-05-30,keanu76@gmail.com,]Gf/'M3
a6bf81f3-796e-3653-9c8e-c1c9f2c54bd1,Miss,Ava,Barrows,"23A/69 Roob Courts Apt. 849","Weissnat Ranch",Dipolog,Montana,Turkmenistan,132-740-461,950-163-071,Stehr-Aufderhar,hettinger.com,"Photographic Process Worker",HoneyDew,1980-04-23,johanna07@yahoo.com,>y~FCfd<u0@D
a6611e39-ebd8-31b1-ab3f-2e3418cd1487,Prof.,Joe,Weimann,"52 Hahn Villages","Anderson Prairie",Tayabas,Pennsylvania,Jersey,912-443-924,594-128-841,"Mayert, Brakus and Mertz",roberts.com,Cashier,DarkSlateGray,2000-01-13,fleta11@runolfsson.info,zL((}9e~8X[Y}$HSc
233daf01-eaf4-3e60-ab38-4a70fa721da9,Dr.,Chauncey,Kunde,"22A/83 Schmeler Ridges Suite 546","Schulist Shoal","Sorsogon City",Indiana,Macao,447-429-685,132-905-029,"Veum, Kshlerin and Douglas",dietrich.biz,"Rock Splitter",DarkGoldenRod,2019-12-19,arlie12@ullrich.com,OJ'vn)Aiq)V
9e76b588-9978-3d6f-b084-8a35725a66d9,Miss,Cheyanne,Hettinger,"37A Spencer Village","Wiegand Branch",Pasig,"South Dakota",Serbia,182-424-065,335-225-416,"Friesen and Sons",parisian.net,Cashier,Green,1970-03-13,rhoda77@rippin.com,2-QK@+5H
07d9891c-9997-365c-bb0b-cec3740c4758,Dr.,Joshuah,Lueilwitz,"63A Davis Fords","Nader Coves",Sipalay,Michigan,Swaziland,998-311-086,090-886-118,Schmitt-Moore,beatty.info,"Battery Repairer",LightSeaGreen,1982-11-24,tyrese72@tromp.com,ywB/X][n
cc67a5a6-92f1-3e94-824d-ccf1b88f1026,Ms.,Amparo,Bernhard,"37 McCullough Union Apt. 024","Beier Burg",Talisay,Hawaii,"Faroe Islands",948-426-441,523-650-478,"Langosh PLC",schuster.info,"Pipelaying Fitter",DeepPink,1974-12-17,abshire.ulises@hauck.com,{>OKj>O
c6b0c751-795c-3f7d-88e1-33dae4762628,Mr.,Fernando,Bins,"99/70 Zulauf Ports","Ward Trail",Tayabas,California,Thailand,553-650-901,269-712-392,Ullrich-Cremin,jones.info,"Credit Authorizer",HoneyDew,2020-07-24,msawayn@gmail.com,"Pg!wQ""B"
4868842e-736f-3fd8-922b-fd852d6fba0b,Prof.,Jessy,Lind,"93A Pagac Inlet Suite 279","Senger Keys",Tagaytay,"North Dakota",Estonia,095-931-154,601-251-755,Frami-Murray,christiansen.com,"Elementary School Teacher",Tan,2021-10-04,jaden.corwin@pfannerstill.com,"3*,t+?@e$64r"
ca6a61c7-5ba9-31ba-a137-38c317e75e21,Prof.,Rahsaan,Monahan,"95 Bernier Circles","Bashirian Ridges",Tandag,"West Virginia",Zimbabwe,163-092-648,787-513-607,"Batz Ltd",fahey.com,"Forming Machine Operator",Cornsilk,1999-05-23,leatha39@hotmail.com,"d\d0#z.VZ:bqALJH,"
ec47b19c-8cc8-3b54-aed2-a33b959dfc99,Dr.,Mabelle,Ward,"95A Jacobs Skyway Suite 720","Windler Turnpike",Candon,Arizona,Martinique,581-788-387,888-496-835,"Cummings LLC",conroy.com,"MARCOM Director",OldLace,1973-10-16,ljacobson@wiza.com,cP(YfDC
21de5e0a-6bf6-325d-8f81-64c27311b7d2,Prof.,Lysanne,Rodriguez,"69A/74 Osinski Landing Suite 910","Swaniawski Points",Maasin,Alaska,Liechtenstein,231-987-718,650-914-318,"Raynor Ltd",cronin.com,"Nuclear Equipment Operation Technician",DarkKhaki,1987-12-17,julie.klein@yahoo.com,"""(t>4Ln!k"
5f51e9a9-d467-35d7-b27c-cd5bb8cdb38a,Miss,Brian,O'Kon,"92/78 Becker Way Suite 673","Kassulke Lights",Malabon,Iowa,Mayotte,892-418-718,920-052-260,"Dare, Hilpert and Miller",schuster.com,"Nursing Aide",DarkRed,2007-09-23,wwitting@gmail.com,vP0|i#_#+uF={E
71e0f1f5-3301-372e-b0f8-652086ec4ad6,Dr.,Karianne,Braun,"98 Schiller Lodge Suite 728","Feil Courts",Isabela,Alaska,"Svalbard & Jan Mayen Islands",890-861-250,073-990-896,"Dickinson, Klocko and Stehr",metz.com,Warehouse,Silver,2003-01-16,precious.bartoletti@gmail.com,>r!i/^odG]e
35f40e48-2c81-3c82-8738-2c4e82e30e63,Mrs.,Shana,Klein,"27A/10 Schimmel Valley Suite 580","Williamson Shoals",Muntinlupa,Oklahoma,Luxembourg,730-763-523,691-208-337,"Stamm LLC",pouros.net,"Medical Appliance Technician",SeaGreen,2004-08-31,johann.rippin@hudson.com,&[NyWxA%C:%
5e0a4a0f-2d95-3f78-ba19-9575da1df572,Prof.,Christy,Parker,"45A/33 Reynolds Cliffs Apt. 519","Ernser Mountain",Dagupan,Massachusetts,Finland,455-361-424,469-624-466,"Senger, Schaden and Leannon",koelpin.info,"Optical Instrument Assembler",Sienna,2016-07-12,schowalter.reinhold@yost.net,RT~~p{x{Lmono/D>qvOn
638c9992-9862-3e7e-b699-6a54a3f0ba37,Mr.,Brenden,Sauer,"60A Gutkowski Circles Suite 115","McDermott Stravenue",Tabaco,Louisiana,Lebanon,481-424-385,382-674-990,"Graham and Sons",lesch.org,Carpenter,LightBlue,2001-10-29,skylar.bechtelar@rolfson.biz,"<(}:esC!HKtc&a""kOZ"
48988e0f-5386-3f61-a18d-754043a7f10c,Prof.,Emilia,Grady,"52/86 Mitchell Drive Suite 508","Heathcote Shore","San Juan",Nevada,Kazakhstan,102-442-498,968-048-901,"Botsford, Heathcote and Skiles",conn.com,"Forest Fire Fighting Supervisor",HotPink,2018-03-05,caitlyn43@yahoo.com,",|)s'KO"
edadce1b-f6d2-306f-b009-2bb77c78f8ef,Dr.,Patience,Weissnat,"07A Hill Ways","Raynor Centers",Cabuyao,Kansas,"French Guiana",030-950-810,304-283-799,"Bogan Inc",russel.com,"Automotive Mechanic",DarkCyan,1979-11-01,thiel.alexis@gmail.com,DTD{(A)?
bec4187b-32f6-382d-b964-1effcc938e27,Dr.,Salma,Murray,"26/59 Pagac Greens Apt. 893","Parisian Shores","General Santos",Virginia,Eritrea,757-587-295,978-745-007,"Mohr Group",bechtelar.biz,Geographer,DarkRed,1985-08-02,annamae.mosciski@bogisich.com,z(@!7K~eMIDR)eE_!~
487919e3-6cba-3974-ae17-028bf4ccef30,Prof.,Madaline,Armstrong,"18A/52 Walsh Creek","Lindgren Viaduct",Tacloban,Kentucky,Sudan,448-370-162,127-906-493,"Yost, Wilkinson and McLaughlin",mclaughlin.com,"Environmental Compliance Inspector",Orchid,2003-06-25,grimes.sebastian@gmail.com,"DwJd3RV@1yYQe#h@^""pn"
b8873246-3e12-303b-8b25-4165ad7998ee,Ms.,Nicholas,Blanda,"69 Moen Causeway","Gutmann Turnpike",Ligao,Kansas,Guatemala,538-230-504,327-488-127,Brekke-Schroeder,jerde.com,Electrician,LawnGreen,1995-09-15,haylee67@rath.com,8>Ho{#10)d
89840551-7654-361d-a2b3-dbc78ee96da3,Dr.,Hailey,Waelchi,"10A/41 Bailey Run","Murazik View",Cauayan,Mississippi,"Saint Kitts and Nevis",842-759-045,309-748-495,Marvin-Spencer,lemke.com,"Human Resource Director",AntiqueWhite,2002-04-06,rosemarie96@breitenberg.net,2Os8lf/NCM5
2272b56e-135d-3489-8ed2-8e4868c56080,Prof.,Antonia,Maggio,"36 Pfeffer Unions Apt. 412","Kovacek Inlet",Tabuk,Tennessee,"French Guiana",794-669-524,224-965-437,Kozey-Daugherty,nikolaus.com,"Home Economics Teacher",PaleVioletRed,1978-03-15,katherine.morar@hermann.com,"}u\pbs"
c9a497e2-20af-386a-9c8b-01c7c139e08b,Dr.,Crystal,Fadel,"86 Lind Road Apt. 916","Kozey Valleys",Laoag,Tennessee,"Papua New Guinea",143-461-480,322-283-818,Zemlak-Stamm,botsford.com,"Engine Assembler",ForestGreen,2016-06-04,emard.monty@bailey.com,Bd{NCEbg:>0Vc3
faeb60ce-391a-3ad1-9f22-5c243fc5bea5,Ms.,Pierre,Simonis,"20/75 Roob Lodge","Jacobs Mountains",Urdaneta,Alabama,Nepal,138-911-124,684-892-173,Schuster-Langworth,nicolas.com,Inspector,Crimson,1986-11-10,enos41@hotmail.com,8lf+v:'jlWS1}/mEW:
a6f04eb6-8999-3e2c-8a25-f40afb2d274f,Mr.,Laney,Bednar,"44A Zboncak Mountains Apt. 537","Cummerata Forge",Santiago,Louisiana,Cuba,382-425-474,044-126-925,"O'Conner Inc",bergstrom.com,"Tank Car",BlanchedAlmond,1999-11-06,deion28@hotmail.com,"E>3>.b7""9a"
d7508fec-eedc-3bbc-b74a-8700452ed0c9,Mr.,Haskell,Gibson,"86 Effertz Mill","Ziemann Ports",Malaybalay,"North Dakota",Denmark,733-328-831,486-952-579,Stokes-Kautzer,ebert.net,"Tank Car",LightGoldenRodYellow,1983-10-21,osborne68@osinski.com,"6Kv.O&Qz-Yf.,h%g&Ti-"
eb10defb-ea9c-3d8a-9436-0af7de430a98,Dr.,Carmine,Goyette,"95A/45 Deckow Dam Apt. 368","Hoeger Fields",Tagbilaran,Nevada,"French Polynesia",125-119-581,535-382-311,"McKenzie, Hane and Willms",streich.com,"Telecommunications Facility Examiner",MediumTurquoise,1976-05-26,dulce.pfannerstill@schiller.net,PI#zhxuUM6.
57d161cf-d6da-3ccc-90f6-b46d3fa2e1a5,Dr.,Anabel,Volkman,"95A/57 Boyle Common Suite 922","Halvorson Court",Urdaneta,"New Mexico",Jordan,576-046-988,873-196-982,"Sipes Group",funk.com,"Procurement Clerk",HotPink,1982-02-12,wstroman@gottlieb.org,Udn@PW
f212506e-dcf9-38d2-9fc6-c0b1120e23db,Dr.,Gordon,Hamill,"65/24 Buckridge Lock","Schiller Burgs",Baybay,"New Jersey",Tajikistan,291-585-534,085-958-901,Hammes-Yundt,sauer.org,"Athletes and Sports Competitor",LightCoral,1987-05-14,belle.cremin@ebert.com,<iMwWweoh2ANc.
60b052dc-bdf4-39ac-a844-cc5e207b3f68,Dr.,Fredy,Feest,"88A/21 Gerhold Courts","Schaefer Row",Naga,Indiana,Guam,086-812-699,161-448-021,Collins-Stokes,harber.com,"Musical Instrument Tuner",CornflowerBlue,2007-01-15,oliver76@hotmail.com,2w2n|cn}k^~3Wh
dfccf2c6-2a66-3d5c-a162-126a7ae07aa9,Prof.,Lenny,Kautzer,"82 Volkman Mountains","Stokes Burg",Tangub,Georgia,Mexico,977-016-942,585-820-483,Koelpin-Collins,fahey.info,"Preschool Education Administrators",DarkSlateGray,1993-02-17,mclaughlin.mollie@harris.com,1@J-/#i
e1fa2e29-3064-3dfb-a103-7a9aa4646413,Prof.,Crystal,Hoppe,"96 Bogisich Drives","Botsford Overpass",Bislig,Colorado,Azerbaijan,061-767-636,836-555-573,"Steuber, Howell and Osinski",schowalter.info,"Rotary Drill Operator",IndianRed,1978-10-09,morissette.chad@hegmann.com,"Ry""qFqSvPN[xR]8w[u"
87fe70b0-63b9-3a11-b76e-a16114eb75c3,Dr.,Dale,Bartell,"21A Bauch Isle Suite 621","Sauer Harbor","La Carlota",Texas,Seychelles,110-324-523,159-917-874,Barrows-Cummerata,quitzon.com,"Production Helper",SeaGreen,2007-04-18,rhiannon40@herman.com,R[<iy@cj%-X9
4832525c-ad70-394e-8947-f99accfb7e4c,Dr.,Clemens,Hartmann,"91/66 Hudson Shoals Apt. 035","Carroll Plains",Santiago,Arizona,Kiribati,996-412-632,061-475-151,Kuhic-Luettgen,russel.com,"Securities Sales Agent",DarkSeaGreen,2001-10-27,feil.justice@yahoo.com,"rCvd8N\:(kG>'2':}R@L"
762dab5c-c212-3729-9512-42e19d198f6e,Mr.,Gilda,Dietrich,"63/63 Goodwin Estate","Veum Parkway",Angeles,Louisiana,Belize,331-244-144,003-905-067,"Feest Ltd",gaylord.net,"Construction Equipment Operator",Indigo,1971-09-23,mbayer@bauch.com,w?mK;NokUPJQc*r[a
79fcdee9-f4a2-39b7-8f57-2ed3c1fddbf3,Mr.,Kaylin,Lynch,"21A O'Keefe Spurs Suite 817","Shanahan Dale",Baybay,"South Carolina",Bahrain,213-132-208,597-914-835,"Durgan PLC",davis.com,"Distribution Manager",Linen,1977-04-01,kathryn37@gmail.com,|z+k}M
49bd00a5-8e73-3a7a-8b30-545c6860b7f6,Miss,Carolyn,Kuhlman,"32 Beahan Park Apt. 264","Barton Garden",Gapan,Connecticut,Kiribati,203-373-639,324-501-988,"Jacobs LLC",wolf.biz,"Architecture Teacher",Thistle,2021-12-22,hillary.rath@yahoo.com,*ldM^-6B|Az[yX+v
d84e04d3-3422-380d-8c41-7de4c83881ef,Mrs.,Miguel,Schowalter,"94A/59 Schinner Expressway","Kirlin Cove","Surigao City",Mississippi,"Burkina Faso",132-568-288,583-584-025,"Sawayn, Kautzer and Bogan",bechtelar.com,"Marriage and Family Therapist",CornflowerBlue,2017-04-04,egusikowski@hotmail.com,/4hd0m
14b6d28f-4d7a-377f-9dc5-288afd99f9f9,Prof.,Rickey,Spinka,"99A Erdman Branch","Armstrong Gateway",Bacolod,Massachusetts,"Kyrgyz Republic",421-366-544,836-023-833,Labadie-Dietrich,dickinson.com,Clerk,FireBrick,1970-03-10,lueilwitz.dorothy@wyman.com,1F5V}g{N4
1e2e11c9-d462-3f19-89cf-c0b13815e2d8,Ms.,Keara,Cremin,"32A Durgan Point","Tromp Rapid",Dipolog,"West Virginia",Angola,064-046-067,892-854-249,"Conroy and Sons",kovacek.com,"Clinical School Psychologist",SteelBlue,2021-11-11,price.sheridan@wehner.org,",Cr!j3<kO1LV8anD4Ql;"
8f699203-b5cc-3d0b-9234-e70b551fd2f4,Prof.,Evelyn,Turcotte,"43/58 Lakin Junction","Prohaska Coves",Bogo,Maryland,"Antarctica (the territory South of 60 deg S)",037-524-424,927-293-812,"Ondricka, Lynch and Wolf",strosin.com,"Healthcare Support Worker",MediumOrchid,1993-07-09,merle.koch@yahoo.com,>AR]oN`dBi17)
183bb339-55ef-3c8b-9db4-e7a94503c490,Mr.,Nicholas,Flatley,"83A/57 Cartwright Square Apt. 457","Johns Key","El Salvador",Georgia,Seychelles,929-106-145,871-071-819,"Hintz, Auer and Kuhic",grant.net,"Visual Designer",Thistle,2023-12-14,teffertz@runte.org,"_00,I|<g|RSu\<F"
0261ac3e-2272-3a36-9027-c21f66f9a3a5,Prof.,Ebba,Renner,"59 Brown Stravenue","Witting Route",Talisay,Idaho,Liberia,126-286-376,915-188-410,Kirlin-Stanton,bernhard.org,Manager,ForestGreen,1977-12-20,wyman.scottie@gmail.com,Op1o}}bZy
a40e6ae0-ab41-3f68-a195-538fc9019567,Miss,Gerson,Veum,"65/80 Ruecker Road","Bruen Oval",Bago,Maine,Vietnam,107-675-093,300-755-998,Zboncak-Goyette,casper.org,"Urban Planner",DarkKhaki,2003-05-10,martina20@gmail.com,OF{bf1=
39611c0a-46ac-3589-98b6-978a26f7f18f,Dr.,Brisa,D'Amore,"65/34 Wisozk Island","Torp Viaduct",Gingoog,Washington,"Western Sahara",679-381-081,825-498-524,"Welch, Hermiston and Schroeder",balistreri.net,"Physics Teacher",DimGrey,2013-02-11,ruben46@yahoo.com,n}%L9Z#Gj8IE%+<q
51e4d42a-37e3-32cb-9d0d-d3d873fafd27,Prof.,Norris,Lang,"95 Abshire Stravenue Apt. 493","Harber Neck",Panabo,"Rhode Island","New Zealand",503-006-076,719-133-155,Conroy-Thompson,beier.com,Garment,Navy,1975-01-02,janie.hoeger@block.com,"XhK$g1Rh\$7-cWtvv.`Y"
82251067-9a09-3d70-8746-733f340685a5,Miss,Vicky,Runolfsdottir,"21 Lang Plaza","Roob Park","Tarlac City","New Hampshire",Aruba,167-276-531,845-935-934,"Hand Inc",runte.com,"Loan Interviewer",Ivory,2008-02-04,elias.fritsch@padberg.com,"}?|c."""
6a3e165a-742b-389a-a4f8-b963d0d59372,Miss,Walter,Gerlach,"34 Senger Points Apt. 079","Fahey Camp",Tagaytay,Pennsylvania,Nepal,681-090-596,856-636-912,"Feil Group",jones.info,Dishwasher,Green,1975-07-20,caesar.shanahan@breitenberg.com,_95B|;$A;P7P5YR0
6e327b3f-bc46-3742-bd57-ae12c37b9e06,Prof.,Abby,Reilly,"43A/33 Strosin Green","King Cove",Danao,Utah,Spain,992-607-683,081-084-922,Kutch-Heller,gleason.com,"Social Scientists",FloralWhite,1970-03-31,pbernhard@hotmail.com,"Be7o9*,vwfBv9"
7bb30fa8-9540-3caf-a5c2-8500605deca5,Dr.,Fannie,Kris,"99A Rempel Keys Suite 333","Hartmann Village","Iloilo City",Idaho,Taiwan,420-766-285,444-996-533,"Grady and Sons",schoen.net,"Broadcast Technician",Gray,1973-03-21,susana.sporer@gerhold.biz,4a'ajh_cs?DSDqQ2#Y<:
24b4958d-b5fd-39be-8b7d-d3b528a1b19e,Mr.,Sarina,Mayert,"79/66 Treutel Locks","Stark Parks",Cadiz,Indiana,Indonesia,815-497-881,628-020-776,Gislason-Purdy,mohr.org,Actor,Blue,2021-11-28,lpurdy@yundt.info,"S;ey""l^<m"
ad2b9e71-6947-31c9-ab64-14148c9ad9e2,Prof.,Schuyler,Bogan,"88A/35 Mante Causeway Suite 128","Kassulke Mountains",Santiago,Georgia,Ghana,604-081-555,887-652-426,Rosenbaum-Abshire,champlin.net,"Textile Cutting Machine Operator",DarkBlue,2015-03-09,zhammes@gaylord.com,"*v{\OVy"
8cd19801-71f5-3838-847b-f2a8661e1c09,Prof.,Melyna,Schinner,"76/20 Kuhic Field Suite 800","Beier Inlet","Cavite City",Nebraska,Bolivia,762-296-125,994-891-091,Goyette-Gerlach,dach.com,"Shuttle Car Operator",PaleGreen,2017-08-20,xwest@gmail.com,"]4nK6*ZgH|,3g0tU"
21242e9a-d524-3941-ab69-abcb6ad25ecf,Mr.,Adelbert,Sipes,"81/22 Mraz Courts Apt. 633","Rolfson Island",Tagum,Arkansas,Macao,752-616-616,335-914-667,"Bernier Ltd",schroeder.com,"Dietetic Technician",DeepSkyBlue,2012-07-03,considine.shania@schuppe.com,{XIY6ocK`8;)Yq1%m2
7d5f946f-b831-3f91-8d86-c390d44d950a,Prof.,Demetrius,Langworth,"79 Marquardt Keys","Rolfson Green",Tacurong,Arizona,"United Kingdom",551-836-621,290-144-740,"Brekke and Sons",balistreri.org,"Screen Printing Machine Operator",YellowGreen,1996-01-23,arnoldo07@konopelski.biz,"@'mw1TW,Q2F{_1x*R>n"
127535f3-069e-3a0f-9ff6-3663fdacf120,Prof.,Wellington,Veum,"17A Tillman Roads Suite 678","Hoppe Centers",Bogo,"South Carolina",Estonia,690-481-797,632-054-258,"Champlin, Davis and Wuckert",dicki.biz,"Telecommunications Facility Examiner",LightPink,2008-07-29,lang.daron@yahoo.com,"\wEU[@<2pq/I"
f80586bb-986e-3d93-a750-f702f630ef26,Ms.,Joe,Lockman,"44A Wiza Meadow","Predovic Springs",Iriga,California,Ukraine,113-914-775,754-196-001,"Heathcote, Hirthe and Ratke",davis.com,"Computer Hardware Engineer",AntiqueWhite,1996-05-26,hope.simonis@walker.net,MCC@?p]4vW
1b035641-93c6-3229-a32b-76faecd34315,Mrs.,Serenity,Raynor,"34/20 Nolan Rest","Frami Mount",Malaybalay,Colorado,Thailand,684-166-133,512-880-894,"Moen Ltd",waelchi.com,"Technical Program Manager",Tomato,1982-09-07,ybahringer@cummings.com,:4SecS:
20e0bb77-e937-3241-a040-a009adcdc421,Mr.,Garret,Koelpin,"89A/79 Spencer Drive Suite 106","Reynolds Crossroad","Tarlac City","New Hampshire","San Marino",276-683-697,381-810-404,"Pollich Inc",howell.com,"Natural Sciences Manager",Plum,2016-08-29,jaquan.jenkins@gmail.com,F&vqao[#Ig;
1ee379bc-574d-381c-8061-53902d81b78e,Mrs.,Hailey,Gleichner,"36A/26 Greenholt Ports Suite 112","Gulgowski Mountain",Malolos,"South Dakota",Benin,386-565-812,031-637-109,Kautzer-Schaefer,graham.com,"Dental Hygienist",Olive,2019-08-03,abigale46@gmail.com,"AVk8h,{Sv}*p7M{?sQ"
d031d50d-b553-36b8-a703-7990a2bc0dba,Mrs.,Litzy,Wilkinson,"36 Wolf Wall Suite 990","Hand Grove",Canlaon,Washington,Israel,860-977-138,272-816-756,"Kuphal, Lind and Crooks",dickinson.org,"Poultry Cutter",Maroon,1976-10-07,ylubowitz@hotmail.com,"s~Dw3z,rJQ^&F:."
d9d1da5c-30ca-36e3-8345-ea7af76c77bd,Prof.,Tracy,Parker,"98A/20 Homenick Courts Apt. 838","DuBuque Green",Cabuyao,Massachusetts,"Isle of Man",081-343-829,305-162-559,"Blick, Pfeffer and Volkman",senger.com,Bookbinder,DarkSalmon,2013-01-12,icrooks@gmail.com,":SS""gOP!o0piG8L},"
f311cd05-7349-3974-a4c7-b1d62cb288cc,Dr.,Adolfo,Trantow,"40/11 Koch Expressway Suite 166","Padberg Stream","Zamboanga City",Florida,Hungary,173-535-364,807-698-655,Gulgowski-Dach,cartwright.com,"Automotive Master Mechanic",Peru,2016-09-30,shirley70@gulgowski.net,"Z0&%{;%NQ2WPS<ms\BTC"
865d5650-9dc5-3603-983f-2618e551bc81,Prof.,Roslyn,Bernhard,"62/65 Wuckert Field","West Bridge",Kidapawan,Delaware,"Saint Vincent and the Grenadines",869-844-442,212-020-199,"Willms, Terry and Keebler",schiller.net,Millwright,SlateGray,2020-10-12,doyle.alexane@hermann.com,@_2#X-+iWF:
3e6ba60a-9c89-390c-96d1-874f805b41f7,Dr.,Pascale,Schuppe,"78A McLaughlin Lake","Zemlak Place",Pagadian,Ohio,"British Virgin Islands",016-278-847,172-704-901,"Strosin, Hettinger and Schultz",heller.net,"Stock Clerk",Yellow,1996-02-08,cecelia.weissnat@gmail.com,"uS;De,];a8b+"
9482f038-ccc4-3724-aa98-40932c972014,Dr.,Jedediah,Runte,"68A Swift Club Suite 837","Connelly Oval","Iloilo City",Nebraska,Guyana,642-010-718,647-643-616,"Mitchell, Reichel and Ward",little.com,"Hand Sewer",MediumSpringGreen,2017-11-19,kaci39@gmail.com,<s.-1'#z%
6365aed7-3b7d-304e-9c23-0b6a7971f811,Dr.,Maxine,Rodriguez,"92A/28 Jast Fields","Krajcik Shoals",Sagay,"Rhode Island","Papua New Guinea",259-651-576,616-813-095,"Schamberger Inc",witting.com,"Plate Finisher",Lime,2017-03-04,otowne@yahoo.com,"Z;{Sms44@wk\h@A^i""o$"
8ba17cc6-6787-39cf-9b79-a57a8c58dd48,Prof.,Elissa,Kris,"93A/73 Kunze Park","Toy Port",Tanjay,Nebraska,"United Kingdom",172-080-064,995-851-930,"Becker, Ebert and Dach",carroll.net,"Welding Machine Tender",LightSteelBlue,2013-06-03,dschmitt@konopelski.com,j8cb2LDdYYwq]
00f1477f-445d-3975-9ece-9c1b41b9025a,Ms.,Velva,Weber,"52A Braun Fall","Effertz Bridge",Navotas,Alaska,Gambia,481-439-949,935-292-845,"Schmidt, Christiansen and Beier",kerluke.com,"Surveying Technician",Blue,1974-10-28,ian95@yahoo.com,!1H3XL
d7e6ca82-75eb-38e6-bf00-845a15789ff0,Mrs.,Linda,Fritsch,"70A Toy Light","Wunsch Grove",Tanjay,Missouri,Benin,261-699-614,827-719-201,"Nienow and Sons",brown.net,"Pest Control Worker",Gainsboro,2008-12-30,xbartell@hotmail.com,jbO<rx=d5L
dd4bea3f-58de-383a-96d8-3012078761ad,Miss,Marlee,Bernier,"66 Hickle Corner","Ullrich Pass",Pasig,Colorado,Martinique,039-444-092,841-674-316,"Farrell, Hegmann and Dare",schuppe.com,"Pump Operators",DarkRed,2002-10-31,jjast@quigley.com,}$ZP]T%#
e9c26208-0d76-391f-8b64-d88b6a982e12,Prof.,Stefanie,Erdman,"06A/94 Leuschke Common","Wintheiser Alley",Ormoc,Iowa,Iceland,384-886-580,972-953-310,"Heidenreich, Schulist and Morissette",feeney.com,"Biochemist or Biophysicist",LightSlateGray,1970-06-28,little.jabari@kovacek.com,j(q0_+tN$-eXd8Au_Ki
7d23e1ee-1044-30f7-a09c-359f9c4cf789,Miss,Casper,Veum,"06A/14 Kihn Landing Apt. 900","Moen Centers",Panabo,Tennessee,Nigeria,848-835-768,115-666-122,"Davis, Hayes and Grimes",thiel.com,"Substance Abuse Counselor",DodgerBlue,2023-02-13,lindgren.bria@jacobi.com,";`*]g"""
49656aa6-6cd8-3099-8280-cfa413b21f35,Prof.,Jovanny,Durgan,"57A/36 Stamm Square","Tromp Creek",Borongan,Tennessee,Korea,921-136-169,302-822-511,Weber-Durgan,fay.biz,"Psychiatric Aide",Tomato,1972-04-27,ray.volkman@gmail.com,"<zO_""Bmv(fi&c`72#Q"
c01a790d-dfc5-3a10-847d-e992c78adcfd,Mr.,Oswaldo,Hegmann,"30A/08 Bernhard Mills","Kirlin Mills","Sorsogon City",Alaska,Martinique,385-319-671,393-154-361,Bauch-Collins,hane.info,"Plant and System Operator",LightSkyBlue,1991-09-18,qpurdy@hotmail.com,T22C:421(W=u</h@y~
eb44b6f3-36f3-37cd-9cd5-28216228a3e2,Dr.,Janick,Ortiz,"48A Beahan Trafficway Suite 004","Lehner Canyon",Tacloban,Florida,Botswana,513-005-506,795-214-558,"Windler PLC",paucek.biz,"Brattice Builder",Cornsilk,1980-04-18,emery.ernser@prosacco.com,9uL|X&&]Y^Z<[
011a3ef2-c3ef-3ef3-ad1d-545b8c08ad54,Dr.,Gretchen,Ward,"10A/49 Johnson Turnpike","Hane Union",Olongapo,Louisiana,Mozambique,688-518-195,566-422-988,"Schumm, Harris and Quigley",schaefer.com,"Political Scientist",DimGrey,1994-08-01,mark55@gmail.com,h>aG~WYOA`GN+vL4^)
4cc2f8c2-0a06-3c99-9a4c-334e7e95037c,Prof.,Ruth,Gerlach,"39A Zemlak Street","Kohler Parkways",Dipolog,Maryland,"Libyan Arab Jamahiriya",358-747-826,961-806-531,"Roberts, Conroy and Ferry",schinner.com,Platemaker,Gold,2004-03-04,deckow.nadia@yahoo.com,"h""z.s@#3_+Th5q>C5gi"
28792651-2512-30bc-82c1-f9527192ee3a,Prof.,Mabel,Rempel,"25/61 Bernier Row","Stamm Branch",Kidapawan,Maryland,Finland,101-868-727,331-561-062,"Schmeler Group",mueller.org,"Statement Clerk",Purple,2013-02-10,wpfeffer@vonrueden.org,$NbLAE<p^m5Sq5c{u86
710e235f-1d06-367e-9a28-f736183a476b,Mrs.,Aric,Renner,"37/22 Stroman Ferry","Parker Spurs",Parañaque,Ohio,Barbados,947-953-714,837-573-067,"Glover, Gutmann and Reilly",kemmer.com,Brazer,MediumSpringGreen,1998-04-19,jules64@kub.net,M)^zO.}:no-Ve.
4866bfa0-3baf-3f8b-8c8d-31ce26b8e0fc,Miss,Jerod,Roberts,"42A Schaden Islands","Heaney Springs","San Carlos","Rhode Island",Nauru,820-891-693,379-678-612,"Schneider, Volkman and Rau",bins.com,University,Green,2010-11-01,koch.trace@carter.net,"$Pj""tsC"
20e62e89-501b-3268-a41c-c705f75e1497,Dr.,Herbert,Bashirian,"00A Robel Plain Suite 273","Jenkins Key",Bislig,"South Carolina","United States of America",086-436-772,244-842-653,"Schinner Ltd",wisozk.com,"Motor Vehicle Inspector",DodgerBlue,1993-12-20,bridie.bashirian@gmail.com,h8PVBvo!c
4ef9477f-9250-3952-a30b-8674cc961601,Mrs.,Blair,Wyman,"65A/50 Littel Throughway Apt. 137","Weimann Drives",Caloocan,Hawaii,Qatar,496-941-259,842-281-550,Effertz-Hickle,barton.com,Rigger,MediumBlue,2015-06-08,bins.elisa@zemlak.com,1FABN+s=7g|30=7
d3667791-bd3f-31bd-9f84-82114c5da65e,Dr.,Benton,Wolf,"99 Rath Ford","Greenholt Squares",Muñoz,Nebraska,Nepal,701-771-591,008-933-159,Reichert-Jacobi,mckenzie.com,"Hotel Desk Clerk",LightBlue,2021-09-07,pratke@sanford.net,kdpy|(`
64af1645-fff7-3a1e-8a8e-92a0b2e73941,Miss,Linnie,Kirlin,"30 Hauck Pass Apt. 286","Corwin Isle",Ligao,Missouri,Austria,193-662-201,945-291-689,Stoltenberg-Watsica,donnelly.biz,"Agricultural Sciences Teacher",LightSkyBlue,1993-01-28,leonor.goldner@bins.com,"c,;HfU|R,X3"
94152fcc-bb96-3e12-a58d-86b157b7d7f5,Prof.,Nina,Mitchell,"88A/81 Schuppe Points","Fisher Course","Cavite City",California,Samoa,931-038-959,038-662-629,"Schumm Ltd",parisian.com,"Entertainment Attendant",DarkBlue,2014-05-23,evelyn.bergnaum@hotmail.com,<9jws5dFhn}nca0<
fe008ba0-bab3-3592-8a88-470557c0ff37,Prof.,Precious,Schneider,"09A/57 Dach Mews","Renner Burg",Baguio,Oklahoma,Sudan,165-611-064,836-379-184,"Grimes, Hintz and Upton",mayer.com,"Corporate Trainer",LightPink,1986-08-19,john.lemke@yahoo.com,k1D/iBu.gsnH@5y]lfQ
90f51952-9373-3019-89e7-8bd5fe4227d5,Mr.,Ibrahim,Medhurst,"26 Feeney Isle","Russel Alley",Bacoor,Indiana,Uruguay,595-367-782,339-086-702,"Walter, McLaughlin and Erdman",kovacek.org,"Engineering Manager",MediumTurquoise,1979-09-16,bailey.isadore@beahan.org,P[zf(`WJM~V
b708eb4e-89e2-39f3-8dd1-4d61df7f6494,Mrs.,Rashawn,Rodriguez,"37A/32 Wunsch Prairie","Torp Island","San Carlos",Iowa,Aruba,367-747-187,616-895-651,"Murphy, Breitenberg and Stamm",jacobs.com,"Gas Pumping Station Operator",Lime,1985-11-18,luella.bernier@robel.com,V;n/Li#TX
90f47eb5-6f11-313b-aaed-fc43e05d3609,Prof.,Leta,Ritchie,"99 Turner Course","Stiedemann Track",Tuguegarao,Indiana,"Cote d'Ivoire",349-692-253,542-410-849,Rohan-O'Keefe,oreilly.com,"Crossing Guard",Cornsilk,2023-08-24,tracy60@hotmail.com,mzx>}L
b9edf94c-27e0-3031-bafc-e8ba3b642561,Dr.,Tiffany,Swift,"96/43 Cummerata Manor","Williamson Island",Guihulngan,"New Hampshire","Hong Kong",805-493-822,358-432-785,Nitzsche-Kutch,hand.net,"Cooling and Freezing Equipment Operator",MidnightBlue,2015-04-26,hoppe.aileen@mcglynn.com,|Ov^K1_hXGdu=O9p
849e7a0a-fefe-3994-8aca-ecea991335cd,Prof.,Jaylin,Ankunding,"56A/28 Rippin Causeway","Okuneva Stream","Iloilo City",Oregon,Spain,516-231-904,755-868-969,Durgan-Swaniawski,bednar.com,Woodworker,PaleGreen,1994-07-16,schiller.harvey@hotmail.com,C/_gRrq0+'o&S{_*Y+9U
e513db51-c87e-30db-8f3e-a5f55a129655,Mr.,Oswald,Ratke,"79 Goyette Drive Apt. 735","Hane Radial",Cabuyao,Nebraska,"Wallis and Futuna",460-363-728,340-736-508,"Nolan, Weissnat and Ullrich",funk.org,"Real Estate Appraiser",DeepSkyBlue,1971-07-10,farrell.izabella@maggio.net,"mNP:7R`(Tw[&lT""k1["
777c9ffe-ed63-35c9-b923-1499fd3f361c,Dr.,Sam,Mills,"23/54 Conroy Motorway Apt. 478","Labadie Harbor",Butuan,Virginia,"Antigua and Barbuda",524-904-693,307-037-877,"Larson Group",lehner.com,"Fabric Mender",SlateGray,1971-11-14,nitzsche.sherman@hagenes.info,)IW9Szq$X-I^Fw
897b02f2-4648-3b71-810b-de8fc4201126,Ms.,Berry,Tromp,"97A/83 Haag Mountains Apt. 256","Wolff Summit",Batac,Arizona,Guatemala,578-970-639,456-076-449,"Pagac LLC",jacobson.com,"Art Director",OrangeRed,1977-02-27,dawson.hammes@gmail.com,(tt7_hNC~}r&MQS1
0efd24fa-169e-34ac-92dc-7b02565581fc,Mr.,Krystina,Klein,"50/17 Marquardt Loop","Stokes Burg",Panabo,Nebraska,Lesotho,446-037-439,806-951-466,"Rau, Medhurst and Fritsch",powlowski.com,Molder,DodgerBlue,1979-11-20,champlin.karelle@langosh.com,JJ]psnl*51>L/2S
1c826312-abc7-32c7-b1d6-67ace2c4fd06,Ms.,Kaya,Fahey,"56 Lind Roads Apt. 400","Lueilwitz Square",Cabanatuan,"North Carolina",Uruguay,892-020-707,918-901-124,"Connelly PLC",herman.com,"Veterinary Technician",DarkViolet,1987-03-08,ahoeger@gmail.com,cG/zPXoV`k'-:J_M
23a15289-5fec-3842-a42d-14324075aa5c,Prof.,Stella,White,"45A Langworth Garden Apt. 961","Koepp Unions",Tangub,Maryland,Swaziland,099-130-732,143-614-037,"Schuster, Waelchi and Mertz",anderson.info,"Animal Breeder",MediumAquaMarine,1986-01-01,pink29@littel.info,MGbRu@&o
d3e476df-f7e7-3554-a188-0c21089bc63c,Mrs.,Keshaun,Schamberger,"33A/09 Monahan Street Apt. 358","Wuckert Locks",Carcar,Nebraska,"Northern Mariana Islands",124-226-718,555-144-693,McKenzie-Parisian,ziemann.info,"Criminal Investigator",Chartreuse,2004-11-14,mara30@herman.info,B6H$1Ssh!f~k
